Workbook

Sheet Speed
A1: Speed (All) | B1: Time Headway | C1: Speed (Cars) | D1: Speed (Bikes) | E1: Speed (CNGs) | F1: Speed (2W+3Ws)
A2: {=_xlfn.LET(_xlpm.data, _xlfn.VSTACK('3.35:17.21'!G3:G32,'3.35:17.21'!G35:G65),_xlfn._xlws.FILTER(_xlpm.data, (_xlpm.data<>0)*(_xlpm.data<>"")))} -> 23.9 | B2: {=_xlfn.LET(_xlpm.data, _xlfn.VSTACK('3.35:17.21'!D3:D32,'3.35:17.21'!D35:D65),_xlfn._xlws.FILTER(_xlpm.data, (_xlpm.data<>0)*(_xlpm.data<>"")))} -> 0.4 | C2: {=_xlfn.LET(_xlpm.data, _xlfn.VSTACK('3.35:17.21'!G3:G32,'3.35:17.21'!G35:G65), _xlpm.type, _xlfn.VSTACK('3.35:17.21'!B3:B32,'3.35:17.21'!B35:B65), _xlfn._xlws.FILTER(_xlpm.data,(_xlpm.data<>0)*(_xlpm.data<>"")*((_xlpm.type="Car"))))} -> 26.9 | D2: {=_xlfn.LET(_xlpm.data, _xlfn.VSTACK('3.35:17.21'!G3:G32,'3.35:17.21'!G35:G65), _xlpm.type, _xlfn.VSTACK('3.35:17.21'!B3:B32,'3.35:17.21'!B35:B65), _xlfn._xlws.FILTER(_xlpm.data,(_xlpm.data<>0)*(_xlpm.data<>"")*((_xlpm.type="Motorbike"))))} -> 23.9 | E2: {=_xlfn.LET(_xlpm.data, _xlfn.VSTACK('3.35:17.21'!G3:G32,'3.35:17.21'!G35:G65), _xlpm.type, _xlfn.VSTACK('3.35:17.21'!B3:B32,'3.35:17.21'!B35:B65), _xlfn._xlws.FILTER(_xlpm.data,(_xlpm.data<>0)*(_xlpm.data<>"")*((_xlpm.type="CNG"))))} -> 17.6 | F2: {=_xlfn.LET(_xlpm.data, _xlfn.VSTACK('3.35:17.21'!G3:G32,'3.35:17.21'!G35:G65), _xlpm.type, _xlfn.VSTACK('3.35:17.21'!B3:B32,'3.35:17.21'!B35:B65), _xlfn._xlws.FILTER(_xlpm.data,(_xlpm.data<>0)*(_xlpm.data<>"")*((_xlpm.type="CNG")+(_xlpm.type="Motorbike"))))} -> 23.9
A3: 21.1 | B3: 1.04 | C3: 19 | D3: 21.1 | E3: 20 | F3: 21.1
A4: 26.9 | B4: 1.16 | C4: 16.6 | D4: 17.9 | E4: 16.6 | F4: 17.9
A5: 17.9 | B5: 1.24 | C5: 17.6 | D5: 15 | E5: 14.3 | F5: 17.6
A6: 19 | B6: 2.16 | C6: 21.8 | D6: 21.7 | E6: 21.8 | F6: 20 | Y6: Speed (km/h) | Z6: Cumulative frequency | AA6: Cumulative percentage
A7: 16.6 | B7: 2.64 | C7: 20.5 | D7: 30 | E7: 17.1 | F7: 16.6
A8: 17.6 | B8: 2.2 | C8: 24 | D8: 21.7 | E8: 23.9 | F8: 15 | Y8: 0 | Z8: =COUNTIF(_xlfn.ANCHORARRAY($A$2),"<="&Y8) -> 0 | AA8: =Z8/$Z$15 -> 0
A9: 16.2 | B9: 2.68 | C9: 19.8 | D9: 26.1 | E9: 19 | F9: 14.3 | Y9: 5 | Z9: =COUNTIF(_xlfn.ANCHORARRAY($A$2),"<="&Y9) -> 2 | AA9: =Z9/$Z$15 -> 0.0041407867
A10: 21.8 | B10: 1.48 | C10: 33 | D10: 26.6 | E10: 18.1 | F10: 21.7 | Y10: 10 | Z10: =COUNTIF(_xlfn.ANCHORARRAY($A$2),"<="&Y10) -> 10 | AA10: =Z10/$Z$15 -> 0.020703934
A11: 17.6 | B11: 1.64 | C11: 17.4 | D11: 19.4 | E11: 16.8 | F11: 30 | Y11: 15 | Z11: =COUNTIF(_xlfn.ANCHORARRAY($A$2),"<="&Y11) -> 51 | AA11: =Z11/$Z$15 -> 0.10559006
A12: 20.5 | B12: 1.68 | C12: 15.5 | D12: 31 | E12: 21.4 | F12: 21.8 | Y12: 20 | Z12: =COUNTIF(_xlfn.ANCHORARRAY($A$2),"<="&Y12) -> 224 | AA12: =Z12/$Z$15 -> 0.46376812
A13: 24 | B13: 1.68 | C13: 11.9 | D13: 33.7 | E13: 17.3 | F13: 21.7 | Y13: 25 | Z13: =COUNTIF(_xlfn.ANCHORARRAY($A$2),"<="&Y13) -> 408 | AA13: =Z13/$Z$15 -> 0.8447205
A14: 20 | B14: 1 | C14: 17.5 | D14: 33.9 | E14: 24.3 | F14: 26.1 | Y14: 30 | Z14: =COUNTIF(_xlfn.ANCHORARRAY($A$2),"<="&Y14) -> 465 | AA14: =Z14/$Z$15 -> 0.96273292
A15: 19.8 | B15: 3.44 | C15: 17.2 | D15: 21.1 | E15: 21.4 | F15: 17.1 | Y15: 35 | Z15: =COUNTIF(_xlfn.ANCHORARRAY($A$2),"<="&Y15) -> 483 | AA15: =Z15/$Z$15 -> 1
A16: 16.6 | B16: 1.2 | C16: 15.1 | D16: 14.4 | E16: 22.1 | F16: 26.6
A17: 33 | B17: 2.68 | C17: 28.8 | D17: 18.1 | E17: 23.4 | F17: 23.9
A18: 17.4 | B18: 1.6 | C18: 18 | D18: 19.1 | E18: 19.8 | F18: 19.4
A19: 15.5 | B19: 1.6 | C19: 17 | D19: 20.1 | E19: 22.6 | F19: 19
A20: 11.9 | B20: 1.2 | C20: 14.2 | D20: 23.5 | E20: 16.9 | F20: 31
A21: 17.5 | B21: 0.8 | C21: 18.7 | D21: 16.6 | E21: 18.1 | F21: 33.7
A22: 17.2 | B22: 1.48 | C22: 14.9 | D22: 15.7 | E22: 16.8 | F22: 33.9
A23: 15.1 | B23: 0.8 | C23: 21.6 | D23: 25 | E23: 14.7 | F23: 18.1
A24: 15 | B24: 1.24 | C24: 19.5 | D24: 19.2 | E24: 23.5 | F24: 16.8
A25: 28.8 | B25: 1.36 | C25: 20 | D25: 24.6 | E25: 15.5 | F25: 21.1
A26: 18 | B26: 1.6 | C26: 19.5 | D26: 27.7 | E26: 17.9 | F26: 21.4
A27: 17 | B27: 0.04 | C27: 18.2 | D27: 19.1 | E27: 23.6 | F27: 14.4
A28: 14.2 | B28: 2.08 | C28: 12.6 | D28: 17.5 | E28: 23 | F28: 18.1
A29: 18.7 | B29: 2.88 | C29: 22.6 | D29: 19 | E29: 17.2 | F29: 19.1 | V29: Speed | W29: Cumulative frequency | X29: Cumulative percentage
A30: 14.9 | B30: 4.32 | C30: 25.2 | D30: 22 | E30: 14.3 | F30: 17.3
A31: 21.6 | B31: 0.08 | C31: 25 | D31: 24.7 | E31: 19.3 | F31: 20.1 | V31: 0 | W31: =COUNTIF(_xlfn.ANCHORARRAY($C$2),"<="&V31) -> 0 | X31: =W31/$W$38 -> 0
A32: 19.5 | B32: 1.24 | C32: 23.1 | D32: 25.8 | E32: 19.4 | F32: 24.3 | V32: 5 | W32: =COUNTIF(_xlfn.ANCHORARRAY($C$2),"<="&V32) -> 1 | X32: =W32/$W$38 -> 0.0036764706
A33: 14.3 | B33: 0.96 | C33: 21.5 | D33: 16.9 | E33: 21.1 | F33: 23.5 | V33: 10 | W33: =COUNTIF(_xlfn.ANCHORARRAY($C$2),"<="&V33) -> 4 | X33: =W33/$W$38 -> 0.014705882
A34: 21.7 | B34: 1.8 | C34: 11.7 | D34: 24.3 | E34: 21.200001 | F34: 21.4 | V34: 15 | W34: =COUNTIF(_xlfn.ANCHORARRAY($C$2),"<="&V34) -> 31 | X34: =W34/$W$38 -> 0.11397059
A35: 20 | B35: 7.64 | C35: 24.3 | D35: 20.3 | E35: 20.6 | F35: 16.6 | V35: 20 | W35: =COUNTIF(_xlfn.ANCHORARRAY($C$2),"<="&V35) -> 129 | X35: =W35/$W$38 -> 0.47426471
A36: 19.5 | B36: 4.2 | C36: 21.3 | D36: 16.9 | E36: 22.9 | F36: 15.7 | V36: 25 | W36: =COUNTIF(_xlfn.ANCHORARRAY($C$2),"<="&V36) -> 232 | X36: =W36/$W$38 -> 0.85294118
A37: 18.2 | B37: 1.28 | C37: 23.5 | D37: 21.4 | E37: 18.799999 | F37: 25 | V37: 30 | W37: =COUNTIF(_xlfn.ANCHORARRAY($C$2),"<="&V37) -> 265 | X37: =W37/$W$38 -> 0.97426471
A38: 12.6 | B38: 2 | C38: 22.1 | D38: 27.9 | E38: 16.9 | F38: 22.1 | V38: 35 | W38: =COUNTIF(_xlfn.ANCHORARRAY($C$2),"<="&V38) -> 272 | X38: =W38/$W$38 -> 1
A39: 22.6 | B39: 1.64 | C39: 22.2 | D39: 16.799999 | E39: 24.200001 | F39: 23.4 | V39: 50% = 20km/h
A40: 25.2 | B40: 2.28 | C40: 20.4 | D40: 33.599998 | E40: 18.200001 | F40: 19.2
A41: 25 | B41: 2.28 | C41: 24.9 | D41: 34.299999 | E41: 14.3 | F41: 19.8
A42: 23.1 | B42: 2.12 | C42: 18.6 | D42: 4.1999998 | E42: 18 | F42: 24.6
A43: 30 | B43: 1.08 | C43: 18.4 | D43: 22.9 | E43: 22.700001 | F43: 22.6
A44: 21.8 | B44: 4.4 | C44: 23.6 | D44: 7.8000002 | E44: 21.700001 | F44: 16.9
A45: 21.5 | B45: 1.6 | C45: 16.1 | D45: 25.1 | E45: 17.799999 | F45: 27.7
A46: 11.7 | B46: 2.92 | C46: 31.3 | D46: 38.400002 | E46: 28.200001 | F46: 18.1
A47: 21.7 | B47: 0.88 | C47: 19.8 | D47: 32 | E47: 21.6 | F47: 19.1
A48: 24.3 | B48: 2.12 | C48: 24.4 | D48: 19.4 | E48: 17.1 | F48: 17.5
A49: 21.3 | B49: 1.68 | C49: 25.4 | D49: 24.1 | E49: 17.7 | F49: 16.8
A50: 23.5 | B50: 0.44 | C50: 22.7 | D50: 34.900002 | E50: 20.5 | F50: 14.7
A51: 22.1 | B51: 1 | C51: 24.1 | D51: 23.799999 | E51: 21.2 | F51: 23.5
... A53: 20.4 | B53: 4.92 | C53: 28.2 | D53: 19.4 | E53: 14.6 | F53: 17.9
A54: 24.9 | B54: 1.96 | C54: 26.1 | D54: 15.7 | E54: 18.9 | F54: 23.6 | V54: Speed | W54: Cumulative frequency | X54: Cumulative percentage
A55: 26.1 | B55: 0.6 | C55: 21.4 | D55: 21.299999 | E55: 18.2 | F55: 19
A56: 18.6 | B56: 0.92 | C56: 19.1 | D56: 22.5 | E56: 15.3 | F56: 23 | V56: 0 | W56: =COUNTIF(_xlfn.ANCHORARRAY($D$2),"<="&V56) -> 0 | X56: =W56/$W$63 -> 0
A57: 18.4 | B57: 1.08 | C57: 14.8 | D57: 8.8999996 | E57: 16.6 | F57: 22 | V57: 5 | W57: =COUNTIF(_xlfn.ANCHORARRAY($D$2),"<="&V57) -> 1 | X57: =W57/$W$63 -> 0.0084033613
A58: 23.6 | B58: 1.84 | C58: 20.2 | D58: 23.700001 | E58: 31.1 | F58: 17.2 | V58: 10 | W58: =COUNTIF(_xlfn.ANCHORARRAY($D$2),"<="&V58) -> 5 | X58: =W58/$W$63 -> 0.042016807
A59: 16.1 | B59: 2.56 | C59: 20.6 | D59: 20.5 | E59: 20.9 | F59: 24.7 | V59: 15 | W59: =COUNTIF(_xlfn.ANCHORARRAY($D$2),"<="&V59) -> 9 | X59: =W59/$W$63 -> 0.075630252
A60: 31.3 | B60: 6.12 | C60: 22.1 | D60: 21.5 | E60: 16 | F60: 25.8 | V60: 20 | W60: =COUNTIF(_xlfn.ANCHORARRAY($D$2),"<="&V60) -> 39 | X60: =W60/$W$63 -> 0.32773109
A61: 19.8 | B61: 1.88 | C61: 25.9 | D61: 25 | E61: 17.7 | F61: 14.3 | V61: 25 | W61: =COUNTIF(_xlfn.ANCHORARRAY($D$2),"<="&V61) -> 87 | X61: =W61/$W$63 -> 0.73109244
A62: 17.1 | B62: 3.12 | C62: 23.8 | D62: 29.299999 | E62: 16.8 | F62: 19.3 | V62: 30 | W62: =COUNTIF(_xlfn.ANCHORARRAY($D$2),"<="&V62) -> 109 | X62: =W62/$W$63 -> 0.91596639
A63: 26.6 | B63: 0.72 | C63: 29.4 | D63: 33.900002 | E63: 18.4 | F63: 16.9 | V63: 35 | W63: =COUNTIF(_xlfn.ANCHORARRAY($D$2),"<="&V63) -> 119 | X63: =W63/$W$63 -> 1
A64: 24.4 | B64: 1.48 | C64: 27.5 | D64: 17.299999 | E64: 20 | F64: 19.4 | V64: 50% = 22km/h
A65: 25.4 | B65: 2.32 | C65: 33.1 | D65: 30 | E65: 16.7 | F65: 24.3
A66: 22.7 | B66: 2.76 | C66: 14.9 | D66: 31.9 | E66: 18.9 | F66: 21.1
A67: 23.9 | B67: 2.04 | C67: 15.3 | D67: 24.700001 | E67: 21.2 | F67: 20.3
A68: 24.1 | B68: 2.88 | C68: 26 | D68: 17.4 | E68: 20.1 | F68: 16.9
A69: 29.5 | B69: 0.2 | C69: 20.3 | D69: 7 | E69: 20.8 | F69: 21.4
A70: 28.2 | B70: 3.04 | C70: 19.8 | D70: 21.799999 | E70: 20.2 | F70: 27.9
A71: 26.1 | B71: 0.36 | C71: 21.7 | D71: 28 | E71: 20.9 | F71: 16.799999
A72: 21.4 | B72: 2.04 | C72: 21.4 | D72: 23.700001 | E72: 20.7 | F72: 21.200001
A73: 19.1 | B73: 1.36 | C73: 21.9 | D73: 21.5 | E73: 23.8 | F73: 20.6
A74: 14.8 | B74: 1.92 | C74: 23.4 | D74: 22.299999 | E74: 16.1 | F74: 22.9
A75: 20.2 | B75: 0.2 | C75: 18 | D75: 20.799999 | E75: 18.8 | F75: 18.799999
A76: 19.4 | B76: 3 | C76: 17.3 | D76: 27 | E76: 19.4 | F76: 33.599998
... A78: 22.1 | B78: 2.8 | C78: 20.4 | D78: 24 | E78: 21 | F78: 16.9
A79: 19 | B79: 1.44 | C79: 18.1 | D79: 17.299999 | E79: 20.6 | F79: 24.200001 | V79: Speed | W79: Cumulative frequency | X79: Cumulative percentage
A80: 25.9 | B80: 2.28 | C80: 18.7 | D80: 19.200001 | E80: 20.7 | F80: 4.1999998
A81: 31 | B81: 2.8 | C81: 22.3 | D81: 20.799999 | F81: 22.9 | V81: 0 | W81: =COUNTIF(_xlfn.ANCHORARRAY($A$2),"<="&V81) -> 0 | X81: =W81/$W$88 -> 0
A82: 33.7 | B82: 2 | C82: 17 | D82: 16.4 | F82: 7.8000002 | V82: 5 | W82: =COUNTIF($F$2:$F$80,"<="&V82) -> 1 | X82: =W82/$W$88 -> 0.012658228
A83: 23.8 | B83: 1.2 | C83: 23.9 | D83: 15.7 | F83: 25.1 | V83: 10 | W83: =COUNTIF($F$2:$F$80,"<="&V83) -> 1 | X83: =W83/$W$88 -> 0.012658228
A84: 29.4 | B84: 2.2 | C84: 24.1 | D84: 18.7 | F84: 38.400002 | V84: 15 | W84: =COUNTIF($F$2:$F$80,"<="&V84) -> 6 | X84: =W84/$W$88 -> 0.075949367
A85: 27.5 | B85: 1.04 | C85: 20.6 | D85: 19.1 | F85: 32 | V85: 20 | W85: =COUNTIF($F$2:$F$80,"<="&V85) -> 38 | X85: =W85/$W$88 -> 0.48101266
A86: 33.1 | B86: 0.68 | C86: 21.1 | D86: 22.8 | F86: 19.4 | V86: 25 | W86: =COUNTIF($F$2:$F$80,"<="&V86) -> 68 | X86: =W86/$W$88 -> 0.86075949
A87: 14.9 | B87: 3.4 | C87: 19.1 | D87: 17.7 | F87: 24.1 | V87: 30 | W87: =COUNTIF($F$2:$F$80,"<="&V87) -> 74 | X87: =W87/$W$88 -> 0.93670886
A88: 15.3 | B88: 0.88 | C88: 17.1 | D88: 20.8 | F88: 34.900002 | V88: 35 | W88: =COUNTIF($F$2:$F$80,"<="&V88) -> 79 | X88: =W88/$W$88 -> 1
A89: 26 | B89: 4.2 | C89: 13.2 | D89: 26.5 | F89: 23.799999 | V89: 50% = 20km/h
A90: 33.9 | B90: 5 | C90: 17.2 | D90: 36.1 | F90: 18.200001
A91: 20.3 | B91: 1.92 | C91: 21 | D91: 32.7 | F91: 20
A92: 19.8 | B92: 1.12 | C92: 21.1 | D92: 21.3 | F92: 14.3
A93: 21.7 | B93: 0.6 | C93: 22.5 | D93: 26.4 | F93: 19.4
A94: 21.4 | B94: 2.2 | C94: 18 | D94: 21.7 | F94: 15.7
A95: 21.9 | B95: 2 | C95: 21.8 | D95: 22.1 | F95: 21.299999
A96: 23.4 | B96: 1.36 | C96: 30.4 | D96: 16.4 | F96: 22.5
A97: 18 | B97: 2.24 | C97: 14.8 | D97: 30 | F97: 8.8999996
A98: 17.3 | B98: 3.8 | C98: 14 | D98: 20.4 | F98: 18
A99: 22.8 | B99: 0.68 | C99: 16 | D99: 12.8 | F99: 22.700001
A100: 20.4 | B100: 1.52 | C100: 19.4 | D100: 12.7 | F100: 23.700001
A101: 18.1 | B101: 0.36 | C101: 14.4 | D101: 23 | F101: 21.700001
... A124: 21.8 | B124: 2.08 | C124: 17.2 | D124: 23.1 | F124: 24
...

Sheet Cars L2+3
A1: Time | B1: ID | C1: Vehicle | D1: Headway | E1: Gap | F1: Gap (deduced) | G1: Speed | H1: Gap/ Speed(kmph) | I1: Gap/ Speed(mps) | J1: Min spacing | K1: Speed diff
A2: 3.35 | B2: - | C2: - | D2: 0 | E2: 0 | F2: 0 | G2: - | H2: 0 | I2: 0 | J2: 0 | L2: Headway | M2: Gap (m)
B3: 12 | C3: Car | D3: 2.16 | E3: 9.4 | F3: 9.96 | G3: 16.6 | H3: =E3/G3 -> 0.56626506 | I3: =E3/(G3/3.6) -> 2.0385542 | J3: 1.522331 | L3: 0 | M3: 0
B4: 52 | C4: Car | D4: 2.64 | E4: 10.42 | F4: 12.906667 | G4: 17.6 | H4: =E4/G4 -> 0.59204545 | I4: =E4/(G4/3.6) -> 2.1313636 | J4: 1.6651866 | L4: 0.2 | M4: =SLOPE($E$3:$E$117, $D$3:$D$117) * L4 + INTERCEPT($E$3:$E$117, $D$3:$D$117) -> 1.9736573
B5: 120 | C5: Car | D5: 1.68 | E5: 8.88 | F5: 11.2 | G5: 24 | H5: =E5/G5 -> 0.37 | I5: =E5/(G5/3.6) -> 1.332 | J5: 1.3082723 | L5: 0.4 | M5: =SLOPE($E$3:$E$120, $D$3:$D$120) * L5 + INTERCEPT($E$3:$E$120, $D$3:$D$120) -> 2.9232048
B6: 189 | C6: Car | D6: 2.68 | E6: 11.16 | F6: 12.953333 | G6: 17.4 | H6: =E6/G6 -> 0.64137931 | I6: =E6/(G6/3.6) -> 2.3089655 | J6: 1.7881768 | L6: 0.6 | M6: =SLOPE($E$3:$E$120, $D$3:$D$120) * L6 + INTERCEPT($E$3:$E$120, $D$3:$D$120) -> 3.8727522
B7: 177 | C7: Car | D7: 1.6 | E7: 7.12 | F7: 6.8888889 | G7: 15.5 | H7: =E7/G7 -> 0.45935484 | I7: =E7/(G7/3.6) -> 1.6536774 | J7: 1.1703512 | L7: 0.8 | M7: =SLOPE($E$3:$E$120, $D$3:$D$120) * L7 + INTERCEPT($E$3:$E$120, $D$3:$D$120) -> 4.8222997
B8: 197 | C8: Car | D8: 1.6 | E8: 5.01 | F8: 5.2888889 | G8: 11.9 | H8: =E8/G8 -> 0.4210084 | I8: =E8/(G8/3.6) -> 1.5156303 | J8: 0.86595691 | L8: 1 | M8: =SLOPE($E$3:$E$120, $D$3:$D$120) * L8 + INTERCEPT($E$3:$E$120, $D$3:$D$120) -> 5.7718471
B9: 203 | C9: Car | D9: 1.2 | E9: 4.9 | F9: 5.8333333 | G9: 17.5 | H9: =E9/G9 -> 0.28 | I9: =E9/(G9/3.6) -> 1.008 | J9: 0.78409091 | L9: 1.2 | M9: =SLOPE($E$3:$E$120, $D$3:$D$120) * L9 + INTERCEPT($E$3:$E$120, $D$3:$D$120) -> 6.7213946
B10: 212 | C10: Car | D10: 0.8 | E10: 3.62 | F10: 3.8222222 | G10: 17.2 | H10: =E10/G10 -> 0.21046512 | I10: =E10/(G10/3.6) -> 0.75767442 | J10: 0.5815793 | L10: 1.4 | M10: =SLOPE($E$3:$E$120, $D$3:$D$120) * L10 + INTERCEPT($E$3:$E$120, $D$3:$D$120) -> 7.670942
B11: 233 | C11: Car | D11: 1.48 | E11: 4.81 | F11: 6.2077778 | G11: 15.1 | H11: =E11/G11 -> 0.31854305 | I11: =E11/(G11/3.6) -> 1.146755 | J11: 0.79497331 | L11: 1.6 | M11: =SLOPE($E$3:$E$120, $D$3:$D$120) * L11 + INTERCEPT($E$3:$E$120, $D$3:$D$120) -> 8.6204895
A12: 3.35L3 | B12: 22 | C12: Car | D12: 1.8 | E12: 8.22 | F12: 10.2 | G12: 20.4 | H12: =E12/G12 -> 0.40294118 | I12: =E12/(G12/3.6) -> 1.4505882 | J12: 1.266673 | L12: 1.8 | M12: =SLOPE($E$3:$E$120, $D$3:$D$120) * L12 + INTERCEPT($E$3:$E$120, $D$3:$D$120) -> 9.5700369
B13: 33 | C13: Car | D13: 1.08 | E13: 3.4 | F13: 4.74 | G13: 15.8 | H13: =E13/G13 -> 0.21518987 | I13: =E13/(G13/3.6) -> 0.77468354 | J13: 0.55660249 | L13: 2 | M13: =SLOPE($E$3:$E$120, $D$3:$D$120) * L13 + INTERCEPT($E$3:$E$120, $D$3:$D$120) -> 10.519584
B14: 80 | C14: Car | D14: 2.04 | E14: 8.91 | F14: 13.6 | G14: 24 | H14: =E14/G14 -> 0.37125 | I14: =E14/(G14/3.6) -> 1.3365 | J14: 1.3126922
B15: 127 | C15: Car | D15: 1.8 | E15: 7.97 | F15: 6.95 | G15: 13.9 | H15: =E15/G15 -> 0.57338129 | I15: =E15/(G15/3.6) -> 2.0641727 | J15: 1.3392395
A16: 3.01 | B16: 62 | C16: Car | D16: 1.24 | E16: 8.11 | F16: 6.2 | G16: 18 | H16: =E16/G16 -> 0.45055556 | I16: =E16/(G16/3.6) -> 1.622 | J16: 1.2892081
B17: 10 | C17: Car | D17: 1.36 | E17: 3.83 | F17: 6.4222222 | G17: 17 | H17: =E17/G17 -> 0.22529412 | I17: =E17/(G17/3.6) -> 0.81105882 | J17: 0.61695904
B18: 61 | C18: Car | D18: 1.6 | E18: 9.01 | F18: 6.3111111 | G18: 14.2 | H18: =E18/G18 -> 0.63450704 | I18: =E18/(G18/3.6) -> 2.2842254 | J18: 1.5077016
B19: 82 | C19: Car | D19: 0.04 | E19: 0.26 | F19: 0.20777778 | G19: 18.7 | H19: =E19/G19 -> 0.013903743 | I19: =E19/(G19/3.6) -> 0.050053476 | J19: 0.040953561
B20: 92 | C20: Car | D20: 2.08 | E20: 10.18 | F20: 8.6088889 | G20: 14.9 | H20: =E20/G20 -> 0.68322148 | I20: =E20/(G20/3.6) -> 2.4595973 | J20: 1.6871191
B21: 109 | C21: Car | D21: 2.88 | E21: 13.04 | F21: 17.28 | G21: 21.6 | H21: =E21/G21 -> 0.6037037 | I21: =E21/(G21/3.6) -> 2.1733333 | J21: 1.9791101
B22: 161 | C22: Car | D22: 1.8 | E22: 7.9 | F22: 9.75 | G22: 19.5 | H22: =E22/G22 -> 0.40512821 | I22: =E22/(G22/3.6) -> 1.4584615 | J22: 1.2315066
B23: 260 | C23: Car | D23: 2 | E23: 11.64 | F23: 14 | G23: 25.2 | H23: =E23/G23 -> 0.46190476 | I23: =E23/(G23/3.6) -> 1.6628571 | J23: 1.6901515
A24: 8.15 | B24: 4 | C24: Car | D24: 1.96 | E24: 11.34 | F24: 12.848889 | G24: 23.6 | H24: =E24/G24 -> 0.48050847 | I24: =E24/(G24/3.6) -> 1.7298305 | J24: 1.6788928
B25: 6 | C25: Car | D25: 0.6 | E25: 4.52 | F25: 2.6833333 | G25: 16.1 | H25: =E25/G25 -> 0.28074534 | I25: =E25/(G25/3.6) -> 1.0106832 | J25: 0.73695652
B26: 15 | C26: Car | D26: 0.92 | E26: 1.5 | F26: 7.9988889 | G26: 31.3 | H26: =E26/G26 -> 0.047923323 | I26: =E26/(G26/3.6) -> 0.17252396 | J26: 0.20291844
B27: 23 | C27: Car | D27: 1.08 | E27: 9.11 | F27: 5.94 | G27: 19.8 | H27: =E27/G27 -> 0.46010101 | I27: =E27/(G27/3.6) -> 1.6563636 | J27: 1.4146508
B28: 90 | C28: Car | D28: 1.88 | E28: 11.21 | F28: 13.264444 | G28: 25.4 | H28: =E28/G28 -> 0.44133858 | I28: =E28/(G28/3.6) -> 1.5888189 | J28: 1.6238094
B29: 137 | C29: Car | D29: 3.12 | E29: 16.72 | F29: 19.673333 | G29: 22.7 | H29: =E29/G29 -> 0.73656388 | I29: =E29/(G29/3.6) -> 2.65163 | J29: 2.503025
B30: 165 | C30: Car | D30: 2.32 | E30: 16.59 | F30: 19.011111 | G30: 29.5 | H30: =E30/G30 -> 0.56237288 | I30: =E30/(G30/3.6) -> 2.0245424 | J30: 2.2904671
B31: 177 | C31: Car | D31: 2.76 | E31: 17.5 | F31: 21.62 | G31: 28.2 | H31: =E31/G31 -> 0.62056738 | I31: =E31/(G31/3.6) -> 2.2340426 | J31: 2.4525592
B32: 188 | C32: Car | D32: 2.04 | E32: 13.26 | F32: 14.79 | G32: 26.1 | H32: =E32/G32 -> 0.50804598 | I32: =E32/(G32/3.6) -> 1.8289655 | J32: 1.9047645
A33: 8.15L3 | B33: 147 | C33: Car | D33: 1.76 | E33: 10.95 | F33: 11.44 | G33: 23.4 | H33: =E33/G33 -> 0.46794872 | I33: =E33/(G33/3.6) -> 1.6846154 | J33: 1.6251383
A34: 8.58 | B34: 13 | C34: Car | D34: 2.88 | E34: 16.64 | F34: 15.28 | G34: 19.1 | H34: =E34/G34 -> 0.87120419 | I34: =E34/(G34/3.6) -> 3.1363351 | J34: 2.6074228
B35: 3 | C35: Car | D35: 0.2 | E35: 1.67 | F35: 0.82222222 | G35: 14.8 | H35: =E35/G35 -> 0.11283784 | I35: =E35/(G35/3.6) -> 0.40621622 | J35: 0.27714747
B36: 18 | C36: Car | D36: 3.04 | E36: 12.69 | F36: 17.057778 | G36: 20.2 | H36: =E36/G36 -> 0.62821782 | I36: =E36/(G36/3.6) -> 2.2615842 | J36: 1.9604881
B37: 54 | C37: Car | D37: 1.36 | E37: 8.36 | F37: 8.3488889 | G37: 22.1 | H37: =E37/G37 -> 0.37828054 | I37: =E37/(G37/3.6) -> 1.36181 | J37: 1.2608918
B38: 162 | C38: Car | D38: 1.44 | E38: 11.96 | F38: 11.76 | G38: 29.4 | H38: =E38/G38 -> 0.40680272 | I38: =E38/(G38/3.6) -> 1.4644898 | J38: 1.653125
B39: 211 | C39: Car | D39: 2.28 | E39: 13.82 | F39: 17.416667 | G39: 27.5 | H39: =E39/G39 -> 0.50254545 | I39: =E39/(G39/3.6) -> 1.8091636 | J39: 1.9526855
B40: 259 | C40: Car | D40: 2 | E40: 11.4 | F40: 8.5 | G40: 15.3 | H40: =E40/G40 -> 0.74509804 | I40: =E40/(G40/3.6) -> 2.6823529 | J40: 1.9604881
A41: 9.03 | B41: 26 | C41: Car | D41: 1.04 | E41: 9.04 | F41: 5.72 | G41: 19.8 | H41: =E41/G41 -> 0.45656566 | I41: =E41/(G41/3.6) -> 1.6436364 | J41: 1.4037809
B42: 19 | C42: Car | D42: 0.68 | E42: 1.89 | F42: 4.0988889 | G42: 21.7 | H42: =E42/G42 -> 0.087096774 | I42: =E42/(G42/3.6) -> 0.31354839 | J42: 0.28648946
B43: 44 | C43: Car | D43: 0.88 | E43: 6.1 | F43: 5.3533333 | G43: 21.9 | H43: =E43/G43 -> 0.27853881 | I43: =E43/(G43/3.6) -> 1.0027397 | J43: 0.92233283
B44: 96 | C44: Car | D44: 1.92 | E44: 11.05 | F44: 9.2266667 | G44: 17.3 | H44: =E44/G44 -> 0.63872832 | I44: =E44/(G44/3.6) -> 2.299422 | J44: 1.7729039
B45: 86 | C45: Car | D45: 1.12 | E45: 6.47 | F45: 7.0933333 | G45: 22.8 | H45: =E45/G45 -> 0.28377193 | I45: =E45/(G45/3.6) -> 1.0215789 | J45: 0.96737556
B46: 109 | C46: Car | D46: 0.6 | E46: 2.48 | F46: 3.4 | G46: 20.4 | H46: =E46/G46 -> 0.12156863 | I46: =E46/(G46/3.6) -> 0.43764706 | J46: 0.38215926
B47: 192 | C47: Car | D47: 2.24 | E47: 9.8 | F47: 11.635556 | G47: 18.7 | H47: =E47/G47 -> 0.52406417 | I47: =E47/(G47/3.6) -> 1.886631 | J47: 1.5436342 | M47: Time - Space Headway Relation (Regular Vehicles)
B48: 235 | C48: Car | D48: 0.36 | E48: 2.46 | F48: 2.39 | G48: 23.9 | H48: =E48/G48 -> 0.10292887 | I48: =E48/(G48/3.6) -> 0.37054393 | J48: 0.36286953 | M48: Headway (seconds) | N48: Gap/ Speed | O48: Speed (km/h)
A49: 12.07 | B49: 57 | C49: Car | D49: 2.2 | E49: 11.79 | F49: 12.894444 | G49: 21.1 | H49: =E49/G49 -> 0.55876777 | I49: =E49/(G49/3.6) -> 2.011564 | J49: 1.8007115 | O49: 16 | P49: 17 | Q49: 18 | R49: 19 | S49: 20
B50: 29 | C50: Car | D50: 0.4 | E50: 3.04 | F50: 2.1222222 | G50: 19.1 | H50: =E50/G50 -> 0.1591623 | I50: =E50/(G50/3.6) -> 0.57298429 | J50: 0.47635609 | M50: 0 | N50: 0 | O50: 0 | P50: 0 | Q50: 0 | R50: 0 | S50: 0
B51: 58 | C51: Car | D51: 2.08 | E51: 9.49 | F51: 9.88 | G51: 17.1 | H51: =E51/G51 -> 0.55497076 | I51: =E51/(G51/3.6) -> 1.9978947 | J51: 1.5266687 | M51: 0.2 | N51: =SLOPE($H$2:$H$117, $D$2:$D$117) * M51 + INTERCEPT($H$2:$H$117, $D$2:$D$117) -> 0.099316173 | O51: =$O$49*N51 -> 1.5890588 | P51: =$P$49*N51 -> 1.6883749 | Q51: =$Q$49*N51 -> 1.7876911 | R51: =$R$49*N51 -> 1.8870073 | S51: =$S$49*N51 -> 1.9863235
B52: 61 | C52: Car | D52: 0.68 | E52: 4.62 | F52: 2.4933333 | G52: 13.2 | H52: =E52/G52 -> 0.35 | I52: =E52/(G52/3.6) -> 1.26 | J52: 0.78395868 | M52: 0.4 | N52: =SLOPE($H$2:$H$117, $D$2:$D$117) * M52 + INTERCEPT($H$2:$H$117, $D$2:$D$117) -> 0.14644136 | O52: =$O$49*N52 -> 2.3430617 | P52: =$P$49*N52 -> 2.4895031 | Q52: =$Q$49*N52 -> 2.6359445 | R52: =$R$49*N52 -> 2.7823858 | S52: =$S$49*N52 -> 2.9288272
B53: 156 | C53: Car | D53: 2.12 | E53: 9.21 | F53: 12.425556 | G53: 21.1 | H53: =E53/G53 -> 0.43649289 | I53: =E53/(G53/3.6) -> 1.5713744 | J53: 1.4066627 | M53: 0.6 | N53: =SLOPE($H$2:$H$117, $D$2:$D$117) * M53 + INTERCEPT($H$2:$H$117, $D$2:$D$117) -> 0.19356654 | O53: =$O$49*N53 -> 3.0970647 | P53: =$P$49*N53 -> 3.2906313 | Q53: =$Q$49*N53 -> 3.4841978 | R53: =$R$49*N53 -> 3.6777643 | S53: =$S$49*N53 -> 3.8713309
B54: 167 | C54: Car | D54: 2.2 | E54: 12.6 | F54: 13.75 | G54: 22.5 | H54: =E54/G54 -> 0.56 | I54: =E54/(G54/3.6) -> 2.016 | J54: 1.8909396 | M54: 0.8 | N54: =SLOPE($H$2:$H$117, $D$2:$D$117) * M54 + INTERCEPT($H$2:$H$117, $D$2:$D$117) -> 0.24069173 | O54: =$O$49*N54 -> 3.8510677 | P54: =$P$49*N54 -> 4.0917594 | Q54: =$Q$49*N54 -> 4.3324511 | R54: =$R$49*N54 -> 4.5731429 | S54: =$S$49*N54 -> 4.8138346
A55: 12.07L3 | B55: 50 | C55: Car | D55: 2.2 | E55: 8.22 | F55: 11.244444 | G55: 18.4 | H55: =E55/G55 -> 0.44673913 | I55: =E55/(G55/3.6) -> 1.6082609 | J55: 1.2998494 | M55: 1 | N55: =SLOPE($H$2:$H$117, $D$2:$D$117) * M55 + INTERCEPT($H$2:$H$117, $D$2:$D$117) -> 0.28781692 | O55: =$O$49*N55 -> 4.6050706 | P55: =$P$49*N55 -> 4.8928876 | Q55: =$Q$49*N55 -> 5.1807045 | R55: =$R$49*N55 -> 5.4685214 | S55: =$S$49*N55 -> 5.7563383
A56: 12.16 | B56: 54 | C56: Car | D56: 1.64 | E56: 7 | F56: 6.3777778 | G56: 14 | H56: =E56/G56 -> 0.5 | I56: =E56/(G56/3.6) -> 1.8 | J56: 1.1746109 | M56: 1.2 | N56: =SLOPE($H$2:$H$117, $D$2:$D$117) * M56 + INTERCEPT($H$2:$H$117, $D$2:$D$117) -> 0.3349421 | O56: =$O$49*N56 -> 5.3590736 | P56: =$P$49*N56 -> 5.6940157 | Q56: =$Q$49*N56 -> 6.0289578 | R56: =$R$49*N56 -> 6.3638999 | S56: =$S$49*N56 -> 6.698842
B57: 77 | C57: Car | D57: 2.08 | E57: 13.23 | F57: 11.208889 | G57: 19.4 | H57: =E57/G57 -> 0.68195876 | I57: =E57/(G57/3.6) -> 2.4550515 | J57: 2.0650498 | M57: 1.4 | N57: =SLOPE($H$2:$H$117, $D$2:$D$117) * M57 + INTERCEPT($H$2:$H$117, $D$2:$D$117) -> 0.38206729 | O57: =$O$49*N57 -> 6.1130766 | P57: =$P$49*N57 -> 6.4951439 | Q57: =$Q$49*N57 -> 6.8772111 | R57: =$R$49*N57 -> 7.2592784 | S57: =$S$49*N57 -> 7.6413457
B58: 95 | C58: Car | D58: 3.88 | E58: 16 | F58: 17.675556 | G58: 16.4 | H58: =E58/G58 -> 0.97560976 | I58: =E58/(G58/3.6) -> 3.5121951 | J58: 2.5981711 | M58: 1.6 | N58: =SLOPE($H$2:$H$117, $D$2:$D$117) * M58 + INTERCEPT($H$2:$H$117, $D$2:$D$117) -> 0.42919247 | O58: =$O$49*N58 -> 6.8670795 | P58: =$P$49*N58 -> 7.296272 | Q58: =$Q$49*N58 -> 7.7254645 | R58: =$R$49*N58 -> 8.154657 | S58: =$S$49*N58 -> 8.5838494
B59: 114 | C59: Car | D59: 2.08 | E59: 9.63 | F59: 10.862222 | G59: 18.8 | H59: =E59/G59 -> 0.51223404 | I59: =E59/(G59/3.6) -> 1.8440426 | J59: 1.5148808 | M59: 1.8 | N59: =SLOPE($H$2:$H$117, $D$2:$D$117) * M59 + INTERCEPT($H$2:$H$117, $D$2:$D$117) -> 0.47631766 | O59: =$O$49*N59 -> 7.6210825 | P59: =$P$49*N59 -> 8.0974002 | Q59: =$Q$49*N59 -> 8.5737178 | R59: =$R$49*N59 -> 9.0500355 | S59: =$S$49*N59 -> 9.5263531
B60: 170 | C60: Car | D60: 1.88 | E60: 10.38 | F60: 8.93 | G60: 17.1 | H60: =E60/G60 -> 0.60701754 | I60: =E60/(G60/3.6) -> 2.1852632 | J60: 1.6698441 | M60: 2 | N60: =SLOPE($H$2:$H$117, $D$2:$D$117) * M60 + INTERCEPT($H$2:$H$117, $D$2:$D$117) -> 0.52344284 | O60: =$O$49*N60 -> 8.3750855 | P60: =$P$49*N60 -> 8.8985283 | Q60: =$Q$49*N60 -> 9.4219712 | R60: =$R$49*N60 -> 9.945414 | S60: =$S$49*N60 -> 10.468857
B61: 151 | C61: Car | D61: 1 | E61: 4.72 | F61: 5.5555556 | G61: 20 | H61: =E61/G61 -> 0.236 | I61: =E61/(G61/3.6) -> 0.8496 | J61: 0.73106721 | M61: *Safe gap assumed = 5.0 meters
B62: 173 | C62: Car | D62: 0.88 | E62: 5.84 | F62: 4.5711111 | G62: 18.7 | H62: =E62/G62 -> 0.31229947 | I62: =E62/(G62/3.6) -> 1.1242781 | J62: 0.91987999
B63: 185 | C63: Car | D63: 1.32 | E63: 7.06 | F63: 7.5533333 | G63: 20.6 | H63: =E63/G63 -> 0.34271845 | I63: =E63/(G63/3.6) -> 1.2337864 | J63: 1.0851515 | M63: Avg | N63: =AVERAGEIF($G$3:$G$117,">0") -> 20.465217 | T63: Most common speed range seems to be 18.9-20.9 km/h.
A64: 12.16L3 | B64: 85 | C64: Car | D64: 2.56 | E64: 10.02 | F64: 9.2444444 | G64: 13 | H64: =E64/G64 -> 0.77076923 | I64: =E64/(G64/3.6) -> 2.7747692 | J64: 1.7050662 | M64: Min | N64: =MIN($G$3:$G$117) -> 11.9 | T64: For practical purposes and threshold selection something lower should be used.
B65: 65 | C65: Car | D65: 1.8 | E65: 7.94 | F65: 7.35 | G65: 14.7 | H65: =E65/G65 -> 0.54013605 | I65: =E65/(G65/3.6) -> 1.9444898 | J65: 1.3195087 | M65: Max | N65: =MAX($G$3:$G$117) -> 31.3 | T65: So I used 15-17km/h for defining headway thresholds
A66: 13 | B66: 39 | C66: Car | D66: 1.6 | E66: 9.45 | F66: 9.2 | G66: 20.7 | H66: =E66/G66 -> 0.45652174 | I66: =E66/(G66/3.6) -> 1.6434783 | J66: 1.4506579 | M66: 25th perc | N66: =_xlfn.PERCENTILE.EXC($G$3:$G$117,0.25) -> 17.4
B67: 10 | C67: Car | D67: 2.4 | E67: 13.1 | F67: 11.6 | G67: 17.4 | H67: =E67/G67 -> 0.75287356 | I67: =E67/(G67/3.6) -> 2.7103448 | J67: 2.0990247 | M67: 50th perc | N67: =_xlfn.PERCENTILE.EXC($G$3:$G$117,0.5) -> 20.2
B68: 116 | C68: Car | D68: 0.48 | E68: 3.97 | F68: 2.6266667 | G68: 19.7 | H68: =E68/G68 -> 0.20152284 | I68: =E68/(G68/3.6) -> 0.72548223 | J68: 0.61727723 | M68: 75th perc | N68: =_xlfn.PERCENTILE.EXC($G$3:$G$117,0.75) -> 23.4
B69: 124 | C69: Car | D69: 1.72 | E69: 9.49 | F69: 13.043333 | G69: 27.3 | H69: =E69/G69 -> 0.34761905 | I69: =E69/(G69/3.6) -> 1.2514286 | J69: 1.3440271 | M69: 90th perc | N69: =_xlfn.PERCENTILE.EXC($G$3:$G$117,0.9) -> 26.26
B70: 136 | C70: Car | D70: 1.4 | E70: 9.74 | F70: 11.005556 | G70: 28.3 | H70: =E70/G70 -> 0.34416961 | I70: =E70/(G70/3.6) -> 1.2390106 | J70: 1.3634419
B71: 149 | C71: Car | D71: 2 | E71: 12.79 | F71: 13.5 | G71: 24.3 | H71: =E71/G71 -> 0.52633745 | I71: =E71/(G71/3.6) -> 1.8948148 | J71: 1.8774526
B72: 201 | C72: Car | D72: 1.88 | E72: 7.41 | F72: 8.1466667 | G72: 15.6 | H72: =E72/G72 -> 0.475 | I72: =E72/(G72/3.6) -> 1.71 | J72: 1.2163642
A73: 13.00L3 | B73: 56 | C73: Car | D73: 1.48 | E73: 9.99 | F73: 9.7844444 | G73: 23.8 | H73: =E73/G73 -> 0.4197479 | I73: =E73/(G73/3.6) -> 1.5110924 | J73: 1.4754067
B74: 68 | C74: Car | D74: 2.04 | E74: 12.84 | F74: 13.94 | G74: 24.6 | H74: =E74/G74 -> 0.52195122 | I74: =E74/(G74/3.6) -> 1.8790244 | J74: 1.8779433
A75: 13.04 | B75: 5 | C75: Car | D75: 2.32 | E75: 13.52 | F75: 13.726667 | G75: 21.3 | H75: =E75/G75 -> 0.63474178 | I75: =E75/(G75/3.6) -> 2.2850704 | J75: 2.0597275
B76: 11 | C76: Car | D76: 2 | E76: 11.45 | F76: 9.5555556 | G76: 17.2 | H76: =E76/G76 -> 0.66569767 | I76: =E76/(G76/3.6) -> 2.3965116 | J76: 1.8395257
B77: 31 | C77: Car | D77: 1.28 | E77: 7.14 | F77: 8.8533333 | G77: 24.9 | H77: =E77/G77 -> 0.28674699 | I77: =E77/(G77/3.6) -> 1.0322892 | J77: 1.040496
B78: 48 | C78: Car | D78: 2.08 | E78: 10.81 | F78: 11.671111 | G78: 20.2 | H78: =E78/G78 -> 0.53514851 | I78: =E78/(G78/3.6) -> 1.9265347 | J78: 1.6700454
B79: 107 | C79: Car | D79: 2.24 | E79: 10.55 | F79: 12.008889 | G79: 19.3 | H79: =E79/G79 -> 0.54663212 | I79: =E79/(G79/3.6) -> 1.9678756 | J79: 1.6488642
B80: 105 | C80: Car | D80: 1.6 | E80: 8.68 | F80: 9.8666667 | G80: 22.2 | H80: =E80/G80 -> 0.39099099 | I80: =E80/(G80/3.6) -> 1.4075676 | J80: 1.3075225
B81: 116 | C81: Car | D81: 1.68 | E81: 10.74 | F81: 10.686667 | G81: 22.9 | H81: =E81/G81 -> 0.46899563 | I81: =E81/(G81/3.6) -> 1.6883843 | J81: 1.6038276
B82: 123 | C82: Car | D82: 2 | E82: 11.23 | F82: 11.222222 | G82: 20.2 | H82: =E82/G82 -> 0.55594059 | I82: =E82/(G82/3.6) -> 2.0013861 | J82: 1.7349316
A83: 13.04L3 | B83: 38 | C83: Car | D83: 2 | E83: 11.8 | F83: 10.722222 | G83: 19.3 | H83: =E83/G83 -> 0.61139896 | I83: =E83/(G83/3.6) -> 2.2010363 | J83: 1.8442273
B84: 43 | C84: Car | D84: 1.8 | E84: 10.47 | F84: 8.8 | G84: 17.6 | H84: =E84/G84 -> 0.59488636 | I84: =E84/(G84/3.6) -> 2.1415909 | J84: 1.6731769
B85: 60 | C85: Car | D85: 1.8 | E85: 9.3 | F85: 8.8 | G85: 17.6 | H85: =E85/G85 -> 0.52840909 | I85: =E85/(G85/3.6) -> 1.9022727 | J85: 1.486203
B86: 61 | C86: Car | D86: 2.04 | E86: 11.75 | F86: 8.5566667 | G86: 15.1 | H86: =E86/G86 -> 0.7781457 | I86: =E86/(G86/3.6) -> 2.8013245 | J86: 1.9419826
A87: 17.02 | B87: 3 | C87: Car | D87: 1.72 | E87: 11.84 | F87: 11.896667 | G87: 24.9 | H87: =E87/G87 -> 0.47550201 | I87: =E87/(G87/3.6) -> 1.7118072 | J87: 1.7254164
B88: 14 | C88: Car | D88: 1.72 | E88: 10.9 | F88: 8.8388889 | G88: 18.5 | H88: =E88/G88 -> 0.58918919 | I88: =E88/(G88/3.6) -> 2.1210811 | J88: 1.7213903
B89: 10 | C89: Car | D89: 1.96 | E89: 7.47 | F89: 8.1666667 | G89: 15 | H89: =E89/G89 -> 0.498 | I89: =E89/(G89/3.6) -> 1.7928 | J89: 1.2362973
B90: 11 | C90: Car | D90: 1.24 | E90: 8.75 | F90: 6.6822222 | G90: 19.4 | H90: =E90/G90 -> 0.45103093 | I90: =E90/(G90/3.6) -> 1.6237113 | J90: 1.3657737
B91: 18 | C91: Car | D91: 1.2 | E91: 4.05 | F91: 6 | G91: 18 | H91: =E91/G91 -> 0.225 | I91: =E91/(G91/3.6) -> 0.81 | J91: 0.64380924
B92: 19 | C92: Car | D92: 0.8 | E92: 7.41 | F92: 4.4666667 | G92: 20.1 | H92: =E92/G92 -> 0.36865672 | I92: =E92/(G92/3.6) -> 1.3271642 | J92: 1.1462433
B93: 79 | C93: Car | D93: 0.24 | E93: 1.05 | F93: 1.8333333 | G93: 27.5 | H93: =E93/G93 -> 0.038181818 | I93: =E93/(G93/3.6) -> 0.13745455 | J93: 0.14835888
B94: 90 | C94: Car | D94: 1.2 | E94: 9.88 | F94: 7.1333333 | G94: 21.4 | H94: =E94/G94 -> 0.46168224 | I94: =E94/(G94/3.6) -> 1.6620561 | J94: 1.5032888
B95: 159 | C95: Car | D95: 1.4 | E95: 9.75 | F95: 9.1 | G95: 23.4 | H95: =E95/G95 -> 0.41666667 | I95: =E95/(G95/3.6) -> 1.5 | J95: 1.4470409
B96: 148 | C96: Car | D96: 1.8 | E96: 9.03 | F96: 10.2 | G96: 20.4 | H96: =E96/G96 -> 0.44264706 | I96: =E96/(G96/3.6) -> 1.5935294 | J96: 1.3914912
A97: 17.02L3 | B97: 146 | C97: Car | D97: 2.36 | E97: 12.61 | F97: 14.618889 | G97: 22.3 | H97: =E97/G97 -> 0.56547085 | I97: =E97/(G97/3.6) -> 2.0356951 | J97: 1.8971561
B98: 181 | C98: Car | D98: 1.48 | E98: 9.58 | F98: 8.9622222 | G98: 21.8 | H98: =E98/G98 -> 0.43944954 | I98: =E98/(G98/3.6) -> 1.5820183 | J98: 1.4503322
A99: 17.11 | B99: 5 | C99: Car | D99: 1 | E99: 5.13 | F99: 5.6944444 | G99: 20.5 | H99: =E99/G99 -> 0.2502439 | I99: =E99/(G99/3.6) -> 0.90087805 | J99: 0.78950739
B100: 12 | C100: Car | D100: 1.8 | E100: 9.45 | F100: 11.35 | G100: 22.7 | H100: =E100/G100 -> 0.41629956 | I100: =E100/(G100/3.6) -> 1.4986784 | J100: 1.4146882
...

Sheet Bike L3
A1: Time | B1: ID | C1: Vehicle | D1: Headway | E1: Gap | F1: Gap (deduced) | G1: Speed | H1: Gap/ Speed(kmph) | I1: Gap/ Speed(mps) | J1: Min spacing
A2: 8.15 | B2: - | C2: - | D2: 0 | E2: 0 | F2: 0 | G2: - | H2: 0 | I2: 0 | J2: 0 | L2: Headway | M2: Gap (m)
B3: 50 | C3: Motorbike | D3: 0.4 | E3: 4.54 | F3: 3.811111 | G3: 34.299999 | H3: =E3/G3 -> 0.13236152 | I3: =E3/(G3/3.6) -> 0.47650146 | J3: 0.59419575 | L3: 0 | M3: 0
B4: 76 | C4: Motorbike | D4: 0.2 | E4: 0.28 | F4: 1.2722222 | G4: 22.9 | H4: =E4/G4 -> 0.012227074 | I4: =E4/(G4/3.6) -> 0.044017468 | J4: 0.041813011 | L4: 0.1 | M4: =SLOPE($E$2:$E$28, $D$2:$D$28) * L4 + INTERCEPT($E$2:$E$28, $D$2:$D$28) -> 0.6109657
B5: 96 | C5: Motorbike | D5: 0.44 | E5: 1.76 | F5: 3.0677778 | G5: 25.1 | H5: =E5/G5 -> 0.07011952 | I5: =E5/(G5/3.6) -> 0.25243027 | J5: 0.25586323 | L5: 0.2 | M5: =SLOPE($E$2:$E$28, $D$2:$D$28) * L5 + INTERCEPT($E$2:$E$28, $D$2:$D$28) -> 1.2936133
A6: 8.58 | B6: 11 | C6: Motorbike | D6: 1.16 | E6: 6.46 | F6: 7.7655557 | G6: 24.1 | H6: =E6/G6 -> 0.26804979 | I6: =E6/(G6/3.6) -> 0.96497924 | J6: 0.95057885 | L6: 0.3 | M6: =SLOPE($E$2:$E$28, $D$2:$D$28) * L6 + INTERCEPT($E$2:$E$28, $D$2:$D$28) -> 1.976261
B7: 34 | C7: Motorbike | D7: 0.96 | E7: 6.5900002 | F7: 6.3466665 | G7: 23.799999 | H7: =E7/G7 -> 0.27689077 | I7: =E7/(G7/3.6) -> 0.99680678 | J7: 0.9732663 | L7: 0.4 | M7: =SLOPE($E$2:$E$28, $D$2:$D$28) * L7 + INTERCEPT($E$2:$E$28, $D$2:$D$28) -> 2.6589086
B8: 48 | C8: Motorbike | D8: 0.08 | E8: 0.28999999 | F8: 0.44444444 | G8: 20 | H8: =E8/G8 -> 0.0145 | I8: =E8/(G8/3.6) -> 0.052199998 | J8: 0.044917264 | L8: 0.5 | M8: =SLOPE($E$2:$E$28, $D$2:$D$28) * L8 + INTERCEPT($E$2:$E$28, $D$2:$D$28) -> 3.3415562
B9: 31 | C9: Motorbike | D9: 0.56 | E9: 5.0500002 | F9: 2.4422222 | G9: 15.7 | H9: =E9/G9 -> 0.32165607 | I9: =E9/(G9/3.6) -> 1.1579618 | J9: 0.82784079 | L9: 0.6 | M9: =SLOPE($E$2:$E$28, $D$2:$D$28) * L9 + INTERCEPT($E$2:$E$28, $D$2:$D$28) -> 4.0242038
B10: 58 | C10: Motorbike | D10: 0.44 | E10: 1.86 | F10: 2.6033332 | G10: 21.299999 | H10: =E10/G10 -> 0.087323947 | I10: =E10/(G10/3.6) -> 0.31436621 | J10: 0.28336488 | L10: 0.7 | M10: =SLOPE($E$2:$E$28, $D$2:$D$28) * L10 + INTERCEPT($E$2:$E$28, $D$2:$D$28) -> 4.7068515
B11: 89 | C11: Motorbike | D11: 1.16 | E11: 6.6500001 | F11: 7.25 | G11: 22.5 | H11: =E11/G11 -> 0.29555556 | I11: =E11/(G11/3.6) -> 1.064 | J11: 0.99799591 | L11: 0.8 | M11: =SLOPE($E$2:$E$28, $D$2:$D$28) * L11 + INTERCEPT($E$2:$E$28, $D$2:$D$28) -> 5.3894991
B12: 82 | C12: Motorbike | D12: 0.6 | E12: 4.98 | F12: 1.4833333 | G12: 8.8999996 | H12: =E12/G12 -> 0.55955059 | I12: =E12/(G12/3.6) -> 2.0143821 | J12: 0.89939427 | L12: 0.9 | M12: =SLOPE($E$2:$E$28, $D$2:$D$28) * L12 + INTERCEPT($E$2:$E$28, $D$2:$D$28) -> 6.0721467
B13: 139 | C13: Motorbike | D13: 0.32 | E13: 2.4300001 | F13: 1.9111111 | G13: 21.5 | H13: =E13/G13 -> 0.11302326 | I13: =E13/(G13/3.6) -> 0.40688373 | J13: 0.36927071 | L13: 1 | M13: =SLOPE($E$2:$E$28, $D$2:$D$28) * L13 + INTERCEPT($E$2:$E$28, $D$2:$D$28) -> 6.7547944
B14: 117 | C14: Motorbike | D14: 0.68 | E14: 4.02 | F14: 4.7222222 | G14: 25 | H14: =E14/G14 -> 0.1608 | I14: =E14/(G14/3.6) -> 0.57888 | J14: 0.58511933
B15: 146 | C15: Motorbike | D15: 1 | E15: 5.52 | F15: 8.1388887 | G15: 29.299999 | H15: =E15/G15 -> 0.18839591 | I15: =E15/(G15/3.6) -> 0.67822527 | J15: 0.76385515
B16: 183 | C16: Motorbike | D16: 1.12 | E16: 7.8099999 | F16: 10.546667 | G16: 33.900002 | H16: =E16/G16 -> 0.23038347 | I16: =E16/(G16/3.6) -> 0.82938049 | J16: 1.0266247
B17: 122 | C17: Motorbike | D17: 1.6 | E17: 15.13 | F17: 7.6888885 | G17: 17.299999 | H17: =E17/G17 -> 0.87456652 | I17: =E17/(G17/3.6) -> 3.1484395 | J17: 2.4275147
B18: 208 | C18: Motorbike | D18: 1.68 | E18: 8.7399998 | F18: 14 | G18: 30 | H18: =E18/G18 -> 0.29133333 | I18: =E18/(G18/3.6) -> 1.0488 | J18: 1.1998124
B19: 221 | C19: Motorbike | D19: 0.92 | E19: 7.98 | F19: 6.3122224 | G19: 24.700001 | H19: =E19/G19 -> 0.32307691 | I19: =E19/(G19/3.6) -> 1.1630769 | J19: 1.165721
B20: 248 | C20: Motorbike | D20: 1.12 | E20: 8.7299995 | F20: 8.8044442 | G20: 28.299999 | H20: =E20/G20 -> 0.30848056 | I20: =E20/(G20/3.6) -> 1.11053 | J20: 1.2220583
A21: 9.03 | B21: 17 | C21: Motorbike | D21: 0.2 | E21: 1.77 | F21: 1.1944444 | G21: 21.5 | H21: =E21/G21 -> 0.082325581 | I21: =E21/(G21/3.6) -> 0.29637209 | J21: 0.26897495
B22: 33 | C22: Motorbike | D22: 0.48 | E22: 3.1900001 | F22: 2.9733332 | G22: 22.299999 | H22: =E22/G22 -> 0.14304933 | I22: =E22/(G22/3.6) -> 0.51497761 | J22: 0.47993086
B23: 27 | C23: Motorbike | D23: 1 | E23: 7.21 | F23: 5.7777776 | G23: 20.799999 | H23: =E23/G23 -> 0.34663463 | I23: =E23/(G23/3.6) -> 1.2478847 | J23: 1.105393
B24: 144 | C24: Motorbike | D24: 0.6 | E24: 4.8099999 | F24: 3.2000001 | G24: 19.200001 | H24: =E24/G24 -> 0.25052082 | I24: =E24/(G24/3.6) -> 0.90187495 | J24: 0.75273132
B25: 276 | C25: Motorbike | D25: 1.48 | E25: 9.1899996 | F25: 7.1533332 | G25: 17.4 | H25: =E25/G25 -> 0.52816091 | I25: =E25/(G25/3.6) -> 1.9013793 | J25: 1.4725218
A26: 17.21 | B26: 12 | C26: Motorbike | D26: 0.6 | E26: 2.85 | F26: 3.6833333 | G26: 22.1 | H26: =E26/G26 -> 0.12895928 | I26: =E26/(G26/3.6) -> 0.46425339 | J26: 0.42984949
B27: 30 | C27: Motorbike | D27: 0.8 | E27: 4.34 | F27: 5.4 | G27: 24.3 | H27: =E27/G27 -> 0.17860082 | I27: =E27/(G27/3.6) -> 0.64296296 | J27: 0.63707148
B28: 35 | C28: Motorbike | D28: 1 | E28: 6.51 | F28: 6.75 | G28: 24.3 | H28: =E28/G28 -> 0.26790123 | I28: =E28/(G28/3.6) -> 0.96444444 | J28: 0.95560722
P38: Time - Space Headway Relation (Two-wheelers)
P39: Headway (seconds) | Q39: Gap/ Speed | R39: Speed (km/h)
R40: 17 | S40: 18 | T40: 19 | U40: 20 | V40: 21
P41: 0 | Q41: 0 | R41: 0 | S41: 0 | T41: 0 | U41: 0 | V41: 0
P42: 0.1 | Q42: =SLOPE($H$2:$H$98, $D$2:$D$98) * P42 + INTERCEPT($H$2:$H$98, $D$2:$D$98) -> 0.036872479 | R42: =$R$40*Q42 -> 0.62683215 | S42: =$S$40*Q42 -> 0.66370463 | T42: =$T$40*Q42 -> 0.7005771 | U42: =$U$40*Q42 -> 0.73744958 | V42: =$V$40*Q42 -> 0.77432206
P43: 0.2 | Q43: =SLOPE($H$2:$H$98, $D$2:$D$98) * P43 + INTERCEPT($H$2:$H$98, $D$2:$D$98) -> 0.067369074 | R43: =$R$40*Q43 -> 1.1452743 | S43: =$S$40*Q43 -> 1.2126433 | T43: =$T$40*Q43 -> 1.2800124 | U43: =$U$40*Q43 -> 1.3473815 | V43: =$V$40*Q43 -> 1.4147506
P44: 0.3 | Q44: =SLOPE($H$2:$H$98, $D$2:$D$98) * P44 + INTERCEPT($H$2:$H$98, $D$2:$D$98) -> 0.097865669 | R44: =$R$40*Q44 -> 1.6637164 | S44: =$S$40*Q44 -> 1.761582 | T44: =$T$40*Q44 -> 1.8594477 | U44: =$U$40*Q44 -> 1.9573134 | V44: =$V$40*Q44 -> 2.055179
P45: 0.4 | Q45: =SLOPE($H$2:$H$98, $D$2:$D$98) * P45 + INTERCEPT($H$2:$H$98, $D$2:$D$98) -> 0.12836226 | R45: =$R$40*Q45 -> 2.1821585 | S45: =$S$40*Q45 -> 2.3105207 | T45: =$T$40*Q45 -> 2.438883 | U45: =$U$40*Q45 -> 2.5672453 | V45: =$V$40*Q45 -> 2.6956075
M46: Avg | N46: =AVERAGEIF($G$3:$G$98,">0") -> 23.096154 | P46: 0.5 | Q46: =SLOPE($H$2:$H$98, $D$2:$D$98) * P46 + INTERCEPT($H$2:$H$98, $D$2:$D$98) -> 0.15885886 | R46: =$R$40*Q46 -> 2.7006006 | S46: =$S$40*Q46 -> 2.8594594 | T46: =$T$40*Q46 -> 3.0183183 | U46: =$U$40*Q46 -> 3.1771772 | V46: =$V$40*Q46 -> 3.336036
M47: Min | N47: =MIN($G$3:$G$98) -> 8.8999996 | P47: 0.6 | Q47: =SLOPE($H$2:$H$98, $D$2:$D$98) * P47 + INTERCEPT($H$2:$H$98, $D$2:$D$98) -> 0.18935545 | R47: =$R$40*Q47 -> 3.2190427 | S47: =$S$40*Q47 -> 3.4083982 | T47: =$T$40*Q47 -> 3.5977536 | U47: =$U$40*Q47 -> 3.7871091 | V47: =$V$40*Q47 -> 3.9764645
M48: Max | N48: =MAX($G$3:$G$98) -> 34.299999 | P48: 0.7 | Q48: =SLOPE($H$2:$H$98, $D$2:$D$98) * P48 + INTERCEPT($H$2:$H$98, $D$2:$D$98) -> 0.21985205 | R48: =$R$40*Q48 -> 3.7374848 | S48: =$S$40*Q48 -> 3.9573369 | T48: =$T$40*Q48 -> 4.1771889 | U48: =$U$40*Q48 -> 4.397041 | V48: =$V$40*Q48 -> 4.616893
M49: 25th perc | N49: =_xlfn.PERCENTILE.EXC($G$3:$G$98,0.25) -> 20.599999 | P49: 0.8 | Q49: =SLOPE($H$2:$H$98, $D$2:$D$98) * P49 + INTERCEPT($H$2:$H$98, $D$2:$D$98) -> 0.25034864 | R49: =$R$40*Q49 -> 4.2559269 | S49: =$S$40*Q49 -> 4.5062756 | T49: =$T$40*Q49 -> 4.7566242 | U49: =$U$40*Q49 -> 5.0069728 | V49: =$V$40*Q49 -> 5.2573215
M50: 50th perc | N50: =_xlfn.PERCENTILE.EXC($G$3:$G$98,0.5) -> 22.7 | P50: 0.9 | Q50: =SLOPE($H$2:$H$98, $D$2:$D$98) * P50 + INTERCEPT($H$2:$H$98, $D$2:$D$98) -> 0.28084524 | R50: =$R$40*Q50 -> 4.774369 | S50: =$S$40*Q50 -> 5.0552143 | T50: =$T$40*Q50 -> 5.3360595 | U50: =$U$40*Q50 -> 5.6169047 | V50: =$V$40*Q50 -> 5.89775
M51: 75th perc | N51: =_xlfn.PERCENTILE.EXC($G$3:$G$98,0.75) -> 25.025 | P51: 1 | Q51: =SLOPE($H$2:$H$98, $D$2:$D$98) * P51 + INTERCEPT($H$2:$H$98, $D$2:$D$98) -> 0.31134183 | R51: =$R$40*Q51 -> 5.2928111 | S51: =$S$40*Q51 -> 5.604153 | T51: =$T$40*Q51 -> 5.9154948 | U51: =$U$40*Q51 -> 6.2268366 | V51: =$V$40*Q51 -> 6.5381785
M52: 90th perc | N52: =_xlfn.PERCENTILE.EXC($G$3:$G$98,0.9) -> 31.17 | P52: *Safe gap assumed = 3.0 meters
Z55: Time - Space Headway Relation (Regular Vehicles) | AG55: Time - Space Headway Relation (Two-wheelers)
X56: Headway (seconds) | Y56: Speed (km/h) | AE56: Headway (seconds) | AF56: Speed (km/h)
Y57: 16 | Z57: 17 | AA57: 18 | AB57: 19 | AC57: 20 | AF57: 17 | AG57: 18 | AH57: 19 | AI57: 20 | AJ57: 21
X58: 0 | Y58: 0 | Z58: 0 | AA58: 0 | AB58: 0 | AC58: 0 | AE58: 0 | AF58: 0 | AG58: 0 | AH58: 0 | AI58: 0 | AJ58: 0
X59: 0.2 | Y59: 1.5890588 | Z59: 1.6883749 | AA59: 1.7876911 | AB59: 1.8870073 | AC59: 1.9863235 | AE59: 0.1 | AF59: 0.62683215 | AG59: 0.66370463 | AH59: 0.7005771 | AI59: 0.73744958 | AJ59: 0.77432206
X60: 0.4 | Y60: 2.3430617 | Z60: 2.4895031 | AA60: 2.6359445 | AB60: 2.7823858 | AC60: 2.9288272 | AE60: 0.2 | AF60: 1.1452743 | AG60: 1.2126433 | AH60: 1.2800124 | AI60: 1.3473815 | AJ60: 1.4147506
X61: 0.6 | Y61: 3.0970647 | Z61: 3.2906313 | AA61: 3.4841978 | AB61: 3.6777643 | AC61: 3.8713309 | AE61: 0.3 | AF61: 1.6637164 | AG61: 1.761582 | AH61: 1.8594477 | AI61: 1.9573134 | AJ61: 2.055179
X62: 0.8 | Y62: 3.8510677 | Z62: 4.0917594 | AA62: 4.3324511 | AB62: 4.5731429 | AC62: 4.8138346 | AE62: 0.4 | AF62: 2.1821585 | AG62: 2.3105207 | AH62: 2.438883 | AI62: 2.5672453 | AJ62: 2.6956075
X63: 1 | Y63: 4.6050706 | Z63: 4.8928876 | AA63: 5.1807045 | AB63: 5.4685214 | AC63: 5.7563383 | AE63: 0.5 | AF63: 2.7006006 | AG63: 2.8594594 | AH63: 3.0183183 | AI63: 3.1771772 | AJ63: 3.336036
X64: 1.2 | Y64: 5.3590736 | Z64: 5.6940157 | AA64: 6.0289578 | AB64: 6.3638999 | AC64: 6.698842 | AE64: 0.6 | AF64: 3.2190427 | AG64: 3.4083982 | AH64: 3.5977536 | AI64: 3.7871091 | AJ64: 3.9764645
X65: 1.4 | Y65: 6.1130766 | Z65: 6.4951439 | AA65: 6.8772111 | AB65: 7.2592784 | AC65: 7.6413457 | AE65: 0.7 | AF65: 3.7374848 | AG65: 3.9573369 | AH65: 4.1771889 | AI65: 4.397041 | AJ65: 4.616893
X66: 1.6 | Y66: 6.8670795 | Z66: 7.296272 | AA66: 7.7254645 | AB66: 8.154657 | AC66: 8.5838494 | AE66: 0.8 | AF66: 4.2559269 | AG66: 4.5062756 | AH66: 4.7566242 | AI66: 5.0069728 | AJ66: 5.2573215
X67: 1.8 | Y67: 7.6210825 | Z67: 8.0974002 | AA67: 8.5737178 | AB67: 9.0500355 | AC67: 9.5263531 | AE67: 0.9 | AF67: 4.774369 | AG67: 5.0552143 | AH67: 5.3360595 | AI67: 5.6169047 | AJ67: 5.89775
X68: 2 | Y68: 8.3750855 | Z68: 8.8985283 | AA68: 9.4219712 | AB68: 9.945414 | AC68: 10.468857 | AE68: 1 | AF68: 5.2928111 | AG68: 5.604153 | AH68: 5.9154948 | AI68: 6.2268366 | AJ68: 6.5381785
Z69: *Safe gap assumed = 5.0 meters | AG69: *Safe gap assumed = 3.0 meters
M71: Most common speed range seems to be 18.9-20.9 km/h.
M72: For practical purposes and threshold selection something lower should be used.
M73: So I used 15-17km/h for defining headway thresholds

Sheet 3.35
A1: Lane 2 | X1: Headway | Z1: Speed | AB1: Vehicle Type
A2: L2_ID | B2: L2_Cls | C2: L2_Time | D2: Headway | E2: L2_Gap | F2: Gap (Calc) | G2: L2_Speed | J2: Headway | K2: Gap (m) | X2: Time | Y2: Gap | Z2: Leader | AA2: Follower | AB2: Leader | AC2: Follower
A3: 9 | B3: Motorbike | C3: 1.48 | D3: 0 | E3: 0 | F3: 0 | G3: 23.9 | J3: 0 | K3: 0 | X3: =D4 -> 0.4 | Y3: =E4 -> 2.13 | Z3: =G4 -> 21.1 | AA3: =G3 -> 23.9 | AB3: Car | AC3: Car
A4: 17 | B4: Motorbike | C4: 1.88 | D4: =C4-C3 -> 0.4 | E4: 2.13 | F4: =D4*G4/3.6 -> 2.3444444 | G4: 21.1 | H4: =ABS(G4-G3) -> 2.8 | J4: 0.2 | K4: =SLOPE($E$3:$E$27, $D$3:$D$27) * J4 + INTERCEPT($E$3:$E$27, $D$3:$D$27) -> 1.096089 | X4: =D5 -> 1.04 | Y4: =E5 -> 3.33 | Z4: =G5 -> 26.9 | AA4: =G4 -> 21.1 | AB4: Car | AC4: Car
A5: 3 | B5: Car | C5: 2.92 | D5: =C5-C4 -> 1.04 | E5: 3.33 | F5: =D5*G5/3.6 -> 7.7711111 | G5: 26.9 | H5: =ABS(G5-G4) -> 5.8 | J5: 0.4 | K5: =SLOPE($E$3:$E$27, $D$3:$D$27) * J5 + INTERCEPT($E$3:$E$27, $D$3:$D$27) -> 1.9297425 | X5: =D6 -> 1.16 | Y5: =E6 -> 9.33 | Z5: =G6 -> 17.9 | AA5: =G5 -> 26.9 | AB5: Car | AC5: Car
A6: 21 | B6: Motorbike | C6: 4.08 | D6: =C6-C5 -> 1.16 | E6: 9.33 | F6: =D6*G6/3.6 -> 5.7677778 | G6: 17.9 | H6: =ABS(G6-G5) -> 9 | J6: 0.6 | K6: =SLOPE($E$3:$E$27, $D$3:$D$27) * J6 + INTERCEPT($E$3:$E$27, $D$3:$D$27) -> 2.7633961 | X6: =D7 -> 1.24 | Y6: =E7 -> 5.05 | Z6: =G7 -> 19 | AA6: =G6 -> 17.9
A7: 4 | B7: Car | C7: 5.32 | D7: =C7-C6 -> 1.24 | E7: 5.05 | F7: =D7*G7/3.6 -> 6.5444444 | G7: 19 | H7: =ABS(G7-G6) -> 1.1 | J7: 0.8 | K7: =SLOPE($E$3:$E$27, $D$3:$D$27) * J7 + INTERCEPT($E$3:$E$27, $D$3:$D$27) -> 3.5970496 | X7: =D8 -> 2.16 | Y7: =E8 -> 9.4 | Z7: =G8 -> 16.6 | AA7: =G7 -> 19
A8: 12 | B8: Car | C8: 7.48 | D8: =C8-C7 -> 2.16 | E8: 9.4 | F8: =D8*G8/3.6 -> 9.96 | G8: 16.6 | H8: =ABS(G8-G7) -> 2.4 | J8: 1 | K8: =SLOPE($E$3:$E$27, $D$3:$D$27) * J8 + INTERCEPT($E$3:$E$27, $D$3:$D$27) -> 4.4307032 | X8: =D9 -> 2.64 | Y8: =E9 -> 10.42 | Z8: =G9 -> 17.6 | AA8: =G8 -> 16.6
A9: 52 | B9: Car | C9: 10.12 | D9: =C9-C8 -> 2.64 | E9: 10.42 | F9: =D9*G9/3.6 -> 12.906667 | G9: 17.6 | H9: =ABS(G9-G8) -> 1 | J9: 1.2 | K9: =SLOPE($E$3:$E$27, $D$3:$D$27) * J9 + INTERCEPT($E$3:$E$27, $D$3:$D$27) -> 5.2643567 | X9: =D10 -> 2.2 | Y9: =E10 -> 6.72 | Z9: =G10 -> 16.2 | AA9: =G9 -> 17.6
A10: 85 | B10: Truck | C10: 12.32 | D10: =C10-C9 -> 2.2 | E10: 6.72 | F10: =D10*G10/3.6 -> 9.9 | G10: 16.2 | H10: =ABS(G10-G9) -> 1.4 | J10: 1.4 | K10: =SLOPE($E$3:$E$27, $D$3:$D$27) * J10 + INTERCEPT($E$3:$E$27, $D$3:$D$27) -> 6.0980103 | X10: =D11 -> 2.68 | Y10: =E11 -> 11.78 | Z10: =G11 -> 21.8 | AA10: =G10 -> 16.2
A11: 97 | B11: Car | C11: 15 | D11: =C11-C10 -> 2.68 | E11: 11.78 | F11: =D11*G11/3.6 -> 16.228889 | G11: 21.8 | H11: =ABS(G11-G10) -> 5.6 | J11: 1.6 | K11: =SLOPE($E$3:$E$27, $D$3:$D$27) * J11 + INTERCEPT($E$3:$E$27, $D$3:$D$27) -> 6.9316638 | X11: =D12 -> 1.48 | Y11: =E12 -> 6.75 | Z11: =G12 -> 17.6 | AA11: =G11 -> 21.8
A12: 106 | B12: CNG | C12: 16.48 | D12: =C12-C11 -> 1.48 | E12: 6.75 | F12: =D12*G12/3.6 -> 7.2355556 | G12: 17.6 | H12: =ABS(G12-G11) -> 4.2 | J12: 1.8 | K12: =SLOPE($E$3:$E$27, $D$3:$D$27) * J12 + INTERCEPT($E$3:$E$27, $D$3:$D$27) -> 7.7653174 | X12: =D13 -> 1.64 | Y12: =E13 -> 5.56 | Z12: =G13 -> 20.5 | AA12: =G12 -> 17.6
A13: 126 | B13: Car | C13: 18.12 | D13: =C13-C12 -> 1.64 | E13: 5.56 | F13: =D13*G13/3.6 -> 9.3388889 | G13: 20.5 | H13: =ABS(G13-G12) -> 2.9 | J13: 2 | K13: =SLOPE($E$3:$E$27, $D$3:$D$27) * J13 + INTERCEPT($E$3:$E$27, $D$3:$D$27) -> 8.5989709 | X13: =D14 -> 1.68 | Y13: =E14 -> 8.88 | Z13: =G14 -> 24 | AA13: =G13 -> 20.5
A14: 120 | B14: Car | C14: 19.8 | D14: =C14-C13 -> 1.68 | E14: 8.88 | F14: =D14*G14/3.6 -> 11.2 | G14: 24 | H14: =ABS(G14-G13) -> 3.5 | X14: =D15 -> 1.68 | Y14: =E15 -> 11 | Z14: =G15 -> 20 | AA14: =G14 -> 24
A15: 153 | B15: CNG | C15: 21.48 | D15: =C15-C14 -> 1.68 | E15: 11 | F15: =D15*G15/3.6 -> 9.3333333 | G15: 20 | H15: =ABS(G15-G14) -> 4 | J15: Time Mean Speed | X15: =D16 -> 1 | Y15: =E16 -> 3.12 | Z15: =G16 -> 19.8 | AA15: =G15 -> 20
A16: 142 | B16: Car | C16: 22.48 | D16: =C16-C15 -> 1 | E16: 3.12 | F16: =D16*G16/3.6 -> 5.5 | G16: 19.8 | H16: =ABS(G16-G15) -> 0.2 | J16: Car | K16: =AVERAGEIFS($G$3:$G$30, $B$3:$B$30, J16, $G$3:$G$30, "<>0") -> 19.586667 | X16: =D17 -> 3.44 | Y16: =E17 -> 15.85 | Z16: =G17 -> 16.6 | AA16: =G16 -> 19.8
A17: 157 | B17: CNG | C17: 25.92 | D17: =C17-C16 -> 3.44 | E17: 15.85 | F17: =D17*G17/3.6 -> 15.862222 | G17: 16.6 | H17: =ABS(G17-G16) -> 3.2 | J17: Motorbike | K17: =AVERAGEIFS($G$3:$G$30, $B$3:$B$30, J17, $G$3:$G$30, "<>0") -> 19.475 | X17: =D18 -> 1.2 | Y17: =E18 -> 4.82 | Z17: =G18 -> 33 | AA17: =G17 -> 16.6
A18: 162 | B18: Car | C18: 27.12 | D18: =C18-C17 -> 1.2 | E18: 4.82 | F18: =D18*G18/3.6 -> 11 | G18: 33 | H18: =ABS(G18-G17) -> 16.4 | J18: CNG | K18: =AVERAGEIFS($G$3:$G$30, $B$3:$B$30, J18, $G$3:$G$30, "<>0") -> 18.066667 | X18: =D19 -> 2.68 | Y18: =E19 -> 11.16 | Z18: =G19 -> 17.4 | AA18: =G18 -> 33
A19: 189 | B19: Car | C19: 29.8 | D19: =C19-C18 -> 2.68 | E19: 11.16 | F19: =D19*G19/3.6 -> 12.953333 | G19: 17.4 | H19: =ABS(G19-G18) -> 15.6 | X19: =D20 -> 1.6 | Y19: =E20 -> 7.12 | Z19: =G20 -> 15.5 | AA19: =G19 -> 17.4
A20: 177 | B20: Car | C20: 31.4 | D20: =C20-C19 -> 1.6 | E20: 7.12 | F20: =D20*G20/3.6 -> 6.8888889 | G20: 15.5 | H20: =ABS(G20-G19) -> 1.9 | X20: =D21 -> 1.6 | Y20: =E21 -> 5.01 | Z20: =G21 -> 11.9 | AA20: =G20 -> 15.5
A21: 197 | B21: Car | C21: 33 | D21: =C21-C20 -> 1.6 | E21: 5.01 | F21: =D21*G21/3.6 -> 5.2888889 | G21: 11.9 | H21: =ABS(G21-G20) -> 3.6 | X21: =D22 -> 1.2 | Y21: =E22 -> 4.9 | Z21: =G22 -> 17.5 | AA21: =G21 -> 11.9
A22: 203 | B22: Car | C22: 34.2 | D22: =C22-C21 -> 1.2 | E22: 4.9 | F22: =D22*G22/3.6 -> 5.8333333 | G22: 17.5 | H22: =ABS(G22-G21) -> 5.6 | X22: =D23 -> 0.8 | Y22: =E23 -> 3.62 | Z22: =G23 -> 17.2 | AA22: =G22 -> 17.5
A23: 212 | B23: Car | C23: 35 | D23: =C23-C22 -> 0.8 | E23: 3.62 | F23: =D23*G23/3.6 -> 3.8222222 | G23: 17.2 | H23: =ABS(G23-G22) -> 0.3 | X23: =D24 -> 1.48 | Y23: =E24 -> 4.81 | Z23: =G24 -> 15.1 | AA23: =G23 -> 17.2
A24: 233 | B24: Car | C24: 36.48 | D24: =C24-C23 -> 1.48 | E24: 4.81 | F24: =D24*G24/3.6 -> 6.2077778 | G24: 15.1 | H24: =ABS(G24-G23) -> 2.1 | X24: =D25 -> 0.8 | Y24: =E25 -> 4.5 | Z24: =G25 -> 15 | AA24: =G24 -> 15.1
A25: 242 | B25: Motorbike | C25: 37.28 | D25: =C25-C24 -> 0.8 | E25: 4.5 | F25: =D25*G25/3.6 -> 3.3333333 | G25: 15 | H25: =ABS(G25-G24) -> 0.1 | X25: =D26 -> 0 | Y25: =E26 -> 0 | Z25: =G26 -> 0 | AA25: =G25 -> 15
X26: =D27 -> 0 | Y26: =E27 -> 0 | Z26: =G27 -> 0 | AA26: =G26 -> 0
X27: =D28 -> 0 | Y27: =E28 -> 0 | Z27: =G28 -> 0 | AA27: =G27 -> 0
AB31: Normalizing Gap by speed | AD31: Gap
Y32: Gap/V | Z32: Headway | AB32: Headway | AC32: Gap/V | AD32: 15 | AE32: 18 | AF32: 20 | AG32: 25
A33: Lane 3 | J33: Headway | K33: Gap (m) | Y33: 0 | Z33: 0 | AB33: 0 | AC33: 0 | AD33: 0 | AE33: 0 | AF33: 0 | AG33: 0
A34: L3_ID | B34: L3_Cls | C34: L3_Time | D34: Headway | E34: L3_Gap | F34: Gap (Calc) | G34: L3_Speed | J34: 0 | K34: 0 | Y34: =E4/G4 -> 0.10094787 | Z34: 0.4 | AB34: 0.2 | AC34: =SLOPE($Y$33:$Y$57, $Z$33:$Z$57) * AB34 + INTERCEPT($Y$33:$Y$57, $Z$33:$Z$57) -> #DIV/0! | AD34: =$AD$32*AC34 -> #DIV/0! | AE34: =$AE$32*AC34 -> #DIV/0! | AF34: =$AF$32*AC34 -> #DIV/0! | AG34: =$AG$32*AC34 -> #DIV/0!
A35: 8 | B35: CNG | C35: 3.6 | D35: 0 | E35: 0 | F35: 0 | G35: 18.1 | J35: 0.2 | K35: =SLOPE($E$35:$E$58, $D$35:$D$58) * J35 + INTERCEPT($E$35:$E$58, $D$35:$D$58) -> 1.5838712 | Y35: =E5/G5 -> 0.12379182 | Z35: 1.04 | AB35: 0.4 | AC35: =SLOPE($Y$33:$Y$57, $Z$33:$Z$57) * AB35 + INTERCEPT($Y$33:$Y$57, $Z$33:$Z$57) -> #DIV/0! | AD35: =$AD$32*AC35 -> #DIV/0! | AE35: =$AE$32*AC35 -> #DIV/0! | AF35: =$AF$32*AC35 -> #DIV/0! | AG35: =$AG$32*AC35 -> #DIV/0!
A36: 56 | B36: Motorbike | C36: 4.6 | D36: =C36-C35 -> 1 | E36: 2.92 | F36: =D36*G36/3.6 -> 0 | G36: 0 | J36: 0.4 | K36: =SLOPE($E$35:$E$58, $D$35:$D$58) * J36 + INTERCEPT($E$35:$E$58, $D$35:$D$58) -> 2.1765536 | Y36: =E6/G6 -> 0.52122905 | Z36: 1.16 | AB36: 0.6 | AC36: =SLOPE($Y$33:$Y$57, $Z$33:$Z$57) * AB36 + INTERCEPT($Y$33:$Y$57, $Z$33:$Z$57) -> #DIV/0! | AD36: =$AD$32*AC36 -> #DIV/0! | AE36: =$AE$32*AC36 -> #DIV/0! | AF36: =$AF$32*AC36 -> #DIV/0! | AG36: =$AG$32*AC36 -> #DIV/0!
A37: 38 | B37: Motorbike | C37: 5.4 | D37: =C37-C36 -> 0.8 | E37: 5.23 | F37: =D37*G37/3.6 -> 4.2444444 | G37: 19.1 | J37: 0.6 | K37: =SLOPE($E$35:$E$58, $D$35:$D$58) * J37 + INTERCEPT($E$35:$E$58, $D$35:$D$58) -> 2.769236 | Y37: =E7/G7 -> 0.26578947 | Z37: 1.24 | AB37: 0.8 | AC37: =SLOPE($Y$33:$Y$57, $Z$33:$Z$57) * AB37 + INTERCEPT($Y$33:$Y$57, $Z$33:$Z$57) -> #DIV/0! | AD37: =$AD$32*AC37 -> #DIV/0! | AE37: =$AE$32*AC37 -> #DIV/0! | AF37: =$AF$32*AC37 -> #DIV/0! | AG37: =$AG$32*AC37 -> #DIV/0!
A38: 7 | B38: Car | C38: 5.72 | D38: =C38-C37 -> 0.32 | E38: 1.41 | F38: =D38*G38/3.6 -> 1.4755556 | G38: 16.6 | J38: 0.8 | K38: =SLOPE($E$35:$E$58, $D$35:$D$58) * J38 + INTERCEPT($E$35:$E$58, $D$35:$D$58) -> 3.3619184 | Y38: =E8/G8 -> 0.56626506 | Z38: 2.16 | AB38: 1 | AC38: =SLOPE($Y$33:$Y$57, $Z$33:$Z$57) * AB38 + INTERCEPT($Y$33:$Y$57, $Z$33:$Z$57) -> #DIV/0! | AD38: =$AD$32*AC38 -> #DIV/0! | AE38: =$AE$32*AC38 -> #DIV/0! | AF38: =$AF$32*AC38 -> #DIV/0! | AG38: =$AG$32*AC38 -> #DIV/0!
A39: 22 | B39: Car | C39: 7.52 | D39: =C39-C38 -> 1.8 | E39: 8.22 | F39: =D39*G39/3.6 -> 10.2 | G39: 20.4 | J39: 1 | K39: =SLOPE($E$35:$E$58, $D$35:$D$58) * J39 + INTERCEPT($E$35:$E$58, $D$35:$D$58) -> 3.9546008 | Y39: =E9/G9 -> 0.59204545 | Z39: 2.64 | AB39: 1.2 | AC39: =SLOPE($Y$33:$Y$57, $Z$33:$Z$57) * AB39 + INTERCEPT($Y$33:$Y$57, $Z$33:$Z$57) -> #DIV/0! | AD39: =$AD$32*AC39 -> #DIV/0! | AE39: =$AE$32*AC39 -> #DIV/0! | AF39: =$AF$32*AC39 -> #DIV/0! | AG39: =$AG$32*AC39 -> #DIV/0!
A40: 33 | B40: Car | C40: 8.6 | D40: =C40-C39 -> 1.08 | E40: 3.4 | F40: =D40*G40/3.6 -> 4.74 | G40: 15.8 | J40: 1.2 | K40: =SLOPE($E$35:$E$58, $D$35:$D$58) * J40 + INTERCEPT($E$35:$E$58, $D$35:$D$58) -> 4.5472832 | Y40: =E10/G10 -> 0.41481481 | Z40: 2.2 | AB40: 1.4 | AC40: =SLOPE($Y$33:$Y$57, $Z$33:$Z$57) * AB40 + INTERCEPT($Y$33:$Y$57, $Z$33:$Z$57) -> #DIV/0! | AD40: =$AD$32*AC40 -> #DIV/0! | AE40: =$AE$32*AC40 -> #DIV/0! | AF40: =$AF$32*AC40 -> #DIV/0! | AG40: =$AG$32*AC40 -> #DIV/0!
A41: 78 | B41: Motorbike | C41: 9.6 | D41: =C41-C40 -> 1 | E41: 5.75 | F41: =D41*G41/3.6 -> 4.8611111 | G41: 17.5 | J41: 1.4 | K41: =SLOPE($E$35:$E$58, $D$35:$D$58) * J41 + INTERCEPT($E$35:$E$58, $D$35:$D$58) -> 5.1399657 | Y41: =E11/G11 -> 0.54036697 | Z41: 2.68 | AB41: 1.6 | AC41: =SLOPE($Y$33:$Y$57, $Z$33:$Z$57) * AB41 + INTERCEPT($Y$33:$Y$57, $Z$33:$Z$57) -> #DIV/0! | AD41: =$AD$32*AC41 -> #DIV/0! | AE41: =$AE$32*AC41 -> #DIV/0! | AF41: =$AF$32*AC41 -> #DIV/0! | AG41: =$AG$32*AC41 -> #DIV/0!
A42: 60 | B42: CNG | C42: 11.48 | D42: =C42-C41 -> 1.88 | E42: 8.01 | F42: =D42*G42/3.6 -> 8.7733333 | G42: 16.8 | J42: 1.6 | K42: =SLOPE($E$35:$E$58, $D$35:$D$58) * J42 + INTERCEPT($E$35:$E$58, $D$35:$D$58) -> 5.7326481 | Y42: =E12/G12 -> 0.38352273 | Z42: 1.48 | AB42: 1.8 | AC42: =SLOPE($Y$33:$Y$57, $Z$33:$Z$57) * AB42 + INTERCEPT($Y$33:$Y$57, $Z$33:$Z$57) -> #DIV/0! | AD42: =$AD$32*AC42 -> #DIV/0! | AE42: =$AE$32*AC42 -> #DIV/0! | AF42: =$AF$32*AC42 -> #DIV/0! | AG42: =$AG$32*AC42 -> #DIV/0!
A43: 50 | B43: Car | C43: 12.68 | D43: =C43-C42 -> 1.2 | E43: 5.78 | F43: =D43*G43/3.6 -> 5.7 | G43: 17.1 | J43: 1.8 | K43: =SLOPE($E$35:$E$58, $D$35:$D$58) * J43 + INTERCEPT($E$35:$E$58, $D$35:$D$58) -> 6.3253305 | Y43: =E13/G13 -> 0.27121951 | Z43: 1.64 | AB43: 2 | AC43: =SLOPE($Y$33:$Y$57, $Z$33:$Z$57) * AB43 + INTERCEPT($Y$33:$Y$57, $Z$33:$Z$57) -> #DIV/0! | AD43: =$AD$32*AC43 -> #DIV/0! | AE43: =$AE$32*AC43 -> #DIV/0! | AF43: =$AF$32*AC43 -> #DIV/0! | AG43: =$AG$32*AC43 -> #DIV/0!
A44: 80 | B44: Car | C44: 14.72 | D44: =C44-C43 -> 2.04 | E44: 8.91 | F44: =D44*G44/3.6 -> 13.6 | G44: 24 | J44: 2 | K44: =SLOPE($E$35:$E$58, $D$35:$D$58) * J44 + INTERCEPT($E$35:$E$58, $D$35:$D$58) -> 6.9180129 | Y44: =E14/G14 -> 0.37 | Z44: 1.68
A45: 115 | B45: CNG | C45: 16.8 | D45: =C45-C44 -> 2.08 | E45: 7.58 | F45: =D45*G45/3.6 -> 8.4933333 | G45: 14.7 | Y45: =E15/G15 -> 0.55 | Z45: 1.68
A46: 145 | B46: Motorbike | C46: 17.2 | D46: =C46-C45 -> 0.4 | E46: 1.31 | F46: =D46*G46/3.6 -> 0 | G46: 0 | J46: Time Mean Speed | Y46: =E16/G16 -> 0.15757576 | Z46: 1
A47: 117 | B47: Car | C47: 18.6 | D47: =C47-C46 -> 1.4 | E47: 2.1 | F47: =D47*G47/3.6 -> 6.4166667 | G47: 16.5 | J47: Car | K47: =AVERAGEIFS($G$35:$G$80, $B$35:$B$80, J47, $G$35:$G$80, "<>0") -> 16.1 | Y47: =E17/G17 -> 0.95481928 | Z47: 3.44
A48: 127 | B48: Car | C48: 20.4 | D48: =C48-C47 -> 1.8 | E48: 7.97 | F48: =D48*G48/3.6 -> 6.95 | G48: 13.9 | J48: Motorbike | K48: =AVERAGEIFS($G$35:$G$80, $B$35:$B$80, J48, $G$35:$G$80, "<>0") -> 18.3 | Y48: =E18/G18 -> 0.14606061 | Z48: 1.2
A49: 156 | B49: Car | C49: 24.08 | D49: =C49-C48 -> 3.68 | E49: 11.83 | F49: =D49*G49/3.6 -> 19.524444 | G49: 19.1 | J49: CNG | K49: =AVERAGEIFS($G$35:$G$80, $B$35:$B$80, J49, $G$35:$G$80, "<>0") -> 18.275 | Y49: =E19/G19 -> 0.64137931 | Z49: 2.68
A50: 148 | B50: Car | C50: 27.88 | D50: =C50-C49 -> 3.8 | E50: 15.95 | F50: =D50*G50/3.6 -> 7.2833333 | G50: 6.9 | Y50: =E20/G20 -> 0.45935484 | Z50: 1.6
A51: 220 | B51: CNG | C51: 30.8 | D51: =C51-C50 -> 2.92 | E51: 0.82 | F51: =D51*G51/3.6 -> 0 | G51: 0 | Y51: =E21/G21 -> 0.4210084 | Z51: 1.6
A52: 192 | B52: Car | C52: 32 | D52: =C52-C51 -> 1.2 | E52: 1.6 | F52: =D52*G52/3.6 -> 5.8 | G52: 17.4 | Y52: =E22/G22 -> 0.28 | Z52: 1.2
A53: 197 | B53: Car | C53: 33.48 | D53: =C53-C52 -> 1.48 | E53: 4.7 | F53: =D53*G53/3.6 -> 4.5633333 | G53: 11.1 | Y53: =E23/G23 -> 0.21046512 | Z53: 0.8
A54: 215 | B54: CNG | C54: 34.4 | D54: =C54-C53 -> 0.92 | E54: 7.03 | F54: =D54*G54/3.6 -> 6.0055556 | G54: 23.5 | Y54: =E24/G24 -> 0.31854305 | Z54: 1.48
A55: 231 | B55: Car | C55: 37.08 | D55: =C55-C54 -> 2.68 | E55: 9.51 | F55: =D55*G55/3.6 -> 10.72 | G55: 14.4 | Y55: =E25/G25 -> 0.3 | Z55: 0.8
Y56: =E26/G26 -> #DIV/0! | Z56: 6

Sheet 3.01
A1: Lane 2 | X1: Headway | Z1: Speed | AC1: L1_ID | AD1: L1_Cls | AE1: L1_Time | AF1: L1_Speed | AG1: L1_Gap
A2: L2_ID | B2: L2_Cls | C2: L2_Time | D2: Headway | E2: L2_Gap | F2: Gap (Calc) | G2: L2_Speed | J2: Headway | K2: Gap (m) | X2: Time | Y2: Gap | Z2: Leader | AA2: Follower | AC2: 5 | AD2: Car | AE2: 5.32 | AF2: 14.5
A3: 71 | B3: Car | C3: 12.4 | D3: 0 | E3: 0 | F3: 0 | G3: 28.8 | J3: 0 | K3: 0 | X3: =D4 -> 1.24 | Y3: =E4 -> 8.11 | Z3: =G4 -> 18 | AA3: =G3 -> 28.8 | AC3: 2 | AD3: Car | AE3: 7.64 | AF3: 14.1 | AG3: 2.3599999
A4: 62 | B4: Car | C4: 13.64 | D4: =C4-C3 -> 1.24 | E4: 8.11 | F4: =D4*G4/3.6 -> 6.2 | G4: 18 | J4: 0.2 | K4: =SLOPE($E$3:$E$27, $D$3:$D$27) * J4 + INTERCEPT($E$3:$E$27, $D$3:$D$27) -> 3.4007837 | X4: =D5 -> 1.36 | Y4: =E5 -> 3.83 | Z4: =G5 -> 17 | AA4: =G4 -> 18 | AC4: 3 | AD4: Car | AE4: 8 | AF4: 13.2 | AG4: 3.6900001
A5: 10 | B5: Car | C5: 15 | D5: =C5-C4 -> 1.36 | E5: 3.83 | F5: =D5*G5/3.6 -> 6.4222222 | G5: 17 | J5: 0.4 | K5: =SLOPE($E$3:$E$27, $D$3:$D$27) * J5 + INTERCEPT($E$3:$E$27, $D$3:$D$27) -> 3.8960239 | X5: =D6 -> 1.6 | Y5: =E6 -> 9.01 | Z5: =G6 -> 14.2 | AA5: =G5 -> 17 | AC5: 14 | AD5: Truck | AE5: 10.2 | AF5: 19.6 | AG5: -0.27000001
A6: 61 | B6: Car | C6: 16.6 | D6: =C6-C5 -> 1.6 | E6: 9.01 | F6: =D6*G6/3.6 -> 6.3111111 | G6: 14.2 | J6: 0.6 | K6: =SLOPE($E$3:$E$27, $D$3:$D$27) * J6 + INTERCEPT($E$3:$E$27, $D$3:$D$27) -> 4.3912642 | X6: =D7 -> 0.04 | Y6: =E7 -> 0.26 | Z6: =G7 -> 18.7 | AA6: =G6 -> 14.2 | AC6: 64 | AD6: Car | AE6: 11.2 | AF6: 19.700001 | AG6: 8.5
A7: 82 | B7: Car | C7: 16.64 | D7: =C7-C6 -> 0.04 | E7: 0.26 | F7: =D7*G7/3.6 -> 0.20777778 | G7: 18.7 | J7: 0.8 | K7: =SLOPE($E$3:$E$27, $D$3:$D$27) * J7 + INTERCEPT($E$3:$E$27, $D$3:$D$27) -> 4.8865044 | X7: =D8 -> 2.08 | Y7: =E8 -> 10.18 | Z7: =G8 -> 14.9 | AA7: =G7 -> 18.7 | AC7: 69 | AD7: Car | AE7: 15 | AF7: 20.299999 | AG7: 19.719999
A8: 92 | B8: Car | C8: 18.72 | D8: =C8-C7 -> 2.08 | E8: 10.18 | F8: =D8*G8/3.6 -> 8.6088889 | G8: 14.9 | J8: 1 | K8: =SLOPE($E$3:$E$27, $D$3:$D$27) * J8 + INTERCEPT($E$3:$E$27, $D$3:$D$27) -> 5.3817447 | X8: =D9 -> 2.88 | Y8: =E9 -> 13.04 | Z8: =G9 -> 21.6 | AA8: =G8 -> 14.9 | AC8: 91 | AD8: Motorbike | AE8: 15.92 | AF8: 29.9 | AG8: 4.4400001
A9: 109 | B9: Car | C9: 21.6 | D9: =C9-C8 -> 2.88 | E9: 13.04 | F9: =D9*G9/3.6 -> 17.28 | G9: 21.6 | J9: 1.2 | K9: =SLOPE($E$3:$E$27, $D$3:$D$27) * J9 + INTERCEPT($E$3:$E$27, $D$3:$D$27) -> 5.8769849 | X9: =D10 -> 4.32 | Y9: =E10 -> 17.58 | Z9: =G10 -> 19.5 | AA9: =G9 -> 21.6 | AC9: 90 | AD9: Car | AE9: 16.52 | AF9: 19.200001 | AG9: 3.53
A10: 136 | B10: Car | C10: 25.92 | D10: =C10-C9 -> 4.32 | E10: 17.58 | F10: =D10*G10/3.6 -> 23.4 | G10: 19.5 | J10: 1.4 | K10: =SLOPE($E$3:$E$27, $D$3:$D$27) * J10 + INTERCEPT($E$3:$E$27, $D$3:$D$27) -> 6.3722252 | X10: =D11 -> 0.08 | Y10: =E11 -> -0.27 | Z10: =G11 -> 14.3 | AA10: =G10 -> 19.5 | AC10: 94 | AD10: Car | AE10: 18.52 | AF10: 25.700001 | AG10: 3.8499999
A11: 150 | B11: CNG | C11: 26 | D11: =C11-C10 -> 0.08 | E11: -0.27 | F11: =D11*G11/3.6 -> 0.31777778 | G11: 14.3 | J11: 1.6 | K11: =SLOPE($E$3:$E$27, $D$3:$D$27) * J11 + INTERCEPT($E$3:$E$27, $D$3:$D$27) -> 6.8674654 | X11: =D12 -> 1.24 | Y11: =E12 -> 6.01 | Z11: =G12 -> 21.7 | AA11: =G11 -> 14.3 | AC11: 99 | AD11: Car | AE11: 20.44 | AF11: 19.299999 | AG11: 10.14
A12: 177 | B12: Motorbike | C12: 27.24 | D12: =C12-C11 -> 1.24 | E12: 6.01 | F12: =D12*G12/3.6 -> 7.4744444 | G12: 21.7 | J12: 1.8 | K12: =SLOPE($E$3:$E$27, $D$3:$D$27) * J12 + INTERCEPT($E$3:$E$27, $D$3:$D$27) -> 7.3627057 | X12: =D13 -> 0.96 | Y12: =E13 -> 4.72 | Z12: =G13 -> 20 | AA12: =G12 -> 21.7 | AC12: 134 | AD12: CNG | AE12: 21.84 | AF12: 23.799999 | AG12: 5.5500002
A13: 148 | B13: Car | C13: 28.2 | D13: =C13-C12 -> 0.96 | E13: 4.72 | F13: =D13*G13/3.6 -> 5.3333333 | G13: 20 | J13: 2 | K13: =SLOPE($E$3:$E$27, $D$3:$D$27) * J13 + INTERCEPT($E$3:$E$27, $D$3:$D$27) -> 7.8579459 | X13: =D14 -> 1.8 | Y13: =E14 -> 7.9 | Z13: =G14 -> 19.5 | AA13: =G13 -> 20 | AC13: 112 | AD13: Car | AE13: 22.32 | AF13: 15.8 | AG13: 2.99
A14: 161 | B14: Car | C14: 30 | D14: =C14-C13 -> 1.8 | E14: 7.9 | F14: =D14*G14/3.6 -> 9.75 | G14: 19.5 | X14: =D15 -> 7.64 | Y14: =E15 -> 14.25 | Z14: =G15 -> 18.2 | AA14: =G14 -> 19.5 | AC14: 143 | AD14: Motorbike | AE14: 23.52 | AF14: 15.2 | AG14: 5
A15: 214 | B15: Car | C15: 37.64 | D15: =C15-C14 -> 7.64 | E15: 14.25 | F15: =D15*G15/3.6 -> 38.624444 | G15: 18.2 | J15: Time Mean Speed | X15: =D16 -> 4.2 | Y15: =E16 -> 18.38 | Z15: =G16 -> 12.6 | AA15: =G15 -> 18.2 | AC15: 130 | AD15: Car | AE15: 24.12 | AF15: 15.3 | AG15: 0.76999998
A16: 216 | B16: Car | C16: 41.84 | D16: =C16-C15 -> 4.2 | E16: 18.38 | F16: =D16*G16/3.6 -> 14.7 | G16: 12.6 | J16: Car | K16: =AVERAGEIFS($G$3:$G$30, $B$3:$B$30, J16, $G$3:$G$30, "<>0") -> 19.342857 | X16: =D17 -> 1.28 | Y16: =E17 -> 2.87 | Z16: =G17 -> 22.6 | AA16: =G16 -> 12.6 | AC16: 138 | AD16: Truck | AE16: 25.52 | AF16: 15 | AG16: 6.4200001
A17: 258 | B17: Car | C17: 43.12 | D17: =C17-C16 -> 1.28 | E17: 2.87 | F17: =D17*G17/3.6 -> 8.0355556 | G17: 22.6 | J17: Motorbike | K17: =AVERAGEIFS($G$3:$G$30, $B$3:$B$30, J17, $G$3:$G$30, "<>0") -> 21.7 | X17: =D18 -> 2 | Y17: =E18 -> 11.64 | Z17: =G18 -> 25.2 | AA17: =G17 -> 22.6 | AC17: 147 | AD17: Motorbike | AE17: 25.72 | AF17: 20.5 | AG17: -0.77999997
A18: 260 | B18: Car | C18: 45.12 | D18: =C18-C17 -> 2 | E18: 11.64 | F18: =D18*G18/3.6 -> 14 | G18: 25.2 | J18: CNG | K18: =AVERAGEIFS($G$3:$G$30, $B$3:$B$30, J18, $G$3:$G$30, "<>0") -> 14.3 | X18: =D19 -> 0 | Y18: =E19 -> 0 | Z18: =G19 -> 0 | AA18: =G18 -> 25.2
X19: =D20 -> 0 | Y19: =E20 -> 0 | Z19: =G20 -> 0 | AA19: =G19 -> 0 | AC19: 180 | AD19: CNG | AE19: 27.2 | AF19: 17.5 | AG19: -5.6999998
X20: =D21 -> 0 | Y20: =E21 -> 0 | Z20: =G21 -> 0 | AA20: =G20 -> 0 | AC20: 156 | AD20: CNG | AE20: 28.44 | AF20: 16.799999 | AG20: 3.4200001
X21: =D22 -> 0 | Y21: =E22 -> 0 | Z21: =G22 -> 0 | AA21: =G21 -> 0 | AC21: 196 | AD21: Motorbike | AE21: 28.44 | AF21: 7.4000001 | AG21: 2.5699999
X22: =D23 -> 0 | Y22: =E23 -> 0 | Z22: =G23 -> 0 | AA22: =G22 -> 0 | AC22: 169 | AD22: Bus | AE22: 30.64 | AF22: 19.5 | AG22: -1.16
X23: =D24 -> 0 | Y23: =E24 -> 0 | Z23: =G24 -> 0 | AA23: =G23 -> 0 | AC23: 204 | AD23: Motorbike | AE23: 30.8 | AF23: 19.9 | AG23: 10.45
X24: =D25 -> 0 | Y24: =E25 -> 0 | Z24: =G25 -> 0 | AA24: =G24 -> 0
X25: =D26 -> 0 | Y25: =E26 -> 0 | Z25: =G26 -> 0 | AA25: =G25 -> 0 | AC25: 208 | AD25: Motorbike | AE25: 31.32 | AF25: 21.799999 | AG25: 7.4400001
X26: =D27 -> 0 | Y26: =E27 -> 0 | Z26: =G27 -> 0 | AA26: =G26 -> 0 | AC26: 226 | AD26: Car | AE26: 32.72 | AF26: 0 | AG26: 5.4099998
X27: =D28 -> 0 | Y27: =E28 -> 0 | Z27: =G28 -> 0 | AA27: =G27 -> 0 | AC27: 170 | AD27: Truck | AE27: 33.6 | AF27: 8.6999998 | AG27: 4.8299999
AC29: 237 | AD29: Car | AE29: 35.4 | AF29: 18 | AG29: -8.79
AC30: 250 | AD30: Motorbike | AE30: 35.52 | AF30: 0 | AG30: 9.3900003
AC31: 218 | AD31: Car | AE31: 37.32 | AF31: 20.200001 | AG31: -9.1400003
AC32: 255 | AD32: Motorbike | AE32: 38.6 | AF32: 22.4 | AG32: 5.3499999
A33: Lane 3 | J33: Headway | K33: Gap (m) | AC33: 285 | AD33: Motorbike | AE33: 39.64 | AF33: 0 | AG33: 13.75
A34: L3_ID | B34: L3_Cls | C34: L3_Time | D34: Headway | E34: L3_Gap | F34: Gap (Calc) | G34: L3_Speed | J34: 0 | K34: 0 | AC34: 236 | AD34: Car | AE34: 40.92 | AF34: 22.6 | AG34: -9.6800003
A35: 22 | B35: CNG | C35: 7.72 | D35: 0 | F35: 0 | G35: 15.5 | J35: 0.2 | K35: =SLOPE($E$35:$E$58, $D$35:$D$58) * J35 + INTERCEPT($E$35:$E$58, $D$35:$D$58) -> 4.173835 | AC35: 246 | AD35: Car | AE35: 42.44 | AF35: 26.4 | AG35: 10.02
A36: 9 | B36: CNG | C36: 9.84 | D36: =C36-C35 -> 2.12 | E36: 10.07 | F36: =D36*G36/3.6 -> 10.541111 | G36: 17.9 | J36: 0.4 | K36: =SLOPE($E$35:$E$58, $D$35:$D$58) * J36 + INTERCEPT($E$35:$E$58, $D$35:$D$58) -> 4.5715767
A37: 46 | B37: Car | C37: 11.04 | D37: =C37-C36 -> 1.2 | E37: 5.64 | F37: =D37*G37/3.6 -> 6.5 | G37: 19.5 | J37: 0.6 | K37: =SLOPE($E$35:$E$58, $D$35:$D$58) * J37 + INTERCEPT($E$35:$E$58, $D$35:$D$58) -> 4.9693184
A38: 56 | B38: CNG | C38: 12.72 | D38: =C38-C37 -> 1.68 | E38: 9.01 | F38: =D38*G38/3.6 -> 11.013333 | G38: 23.6 | J38: 0.8 | K38: =SLOPE($E$35:$E$58, $D$35:$D$58) * J38 + INTERCEPT($E$35:$E$58, $D$35:$D$58) -> 5.3670601
A39: 73 | B39: Motorbike | C39: 13.4 | D39: =C39-C38 -> 0.68 | E39: 4.33 | F39: =D39*G39/3.6 -> 3.5888889 | G39: 19 | J39: 1 | K39: =SLOPE($E$35:$E$58, $D$35:$D$58) * J39 + INTERCEPT($E$35:$E$58, $D$35:$D$58) -> 5.7648018
A40: 10 | B40: Car | C40: 15.24 | D40: =C40-C39 -> 1.84 | E40: 7.09 | F40: =D40*G40/3.6 -> 8.0755556 | G40: 15.8 | J40: 1.2 | K40: =SLOPE($E$35:$E$58, $D$35:$D$58) * J40 + INTERCEPT($E$35:$E$58, $D$35:$D$58) -> 6.1625435
A41: 84 | B41: CNG | C41: 16 | D41: =C41-C40 -> 0.76 | E41: 7.4 | F41: =D41*G41/3.6 -> 4.8555556 | G41: 23 | J41: 1.4 | K41: =SLOPE($E$35:$E$58, $D$35:$D$58) * J41 + INTERCEPT($E$35:$E$58, $D$35:$D$58) -> 6.5602852
A42: 82 | B42: Car | C42: 17.04 | D42: =C42-C41 -> 1.04 | E42: 2.75 | F42: =D42*G42/3.6 -> 4.8533333 | G42: 16.8 | J42: 1.6 | K42: =SLOPE($E$35:$E$58, $D$35:$D$58) * J42 + INTERCEPT($E$35:$E$58, $D$35:$D$58) -> 6.9580269
A43: 108 | B43: Motorbike | C43: 17.12 | D43: =C43-C42 -> 0.08 | E43: 3.51 | F43: =D43*G43/3.6 -> 0.48888889 | G43: 22 | J43: 1.8 | K43: =SLOPE($E$35:$E$58, $D$35:$D$58) * J43 + INTERCEPT($E$35:$E$58, $D$35:$D$58) -> 7.3557686
A44: 104 | B44: Car | C44: 18.6 | D44: =C44-C43 -> 1.48 | E44: 6.05 | F44: =D44*G44/3.6 -> 7.2766667 | G44: 17.7 | J44: 2 | K44: =SLOPE($E$35:$E$58, $D$35:$D$58) * J44 + INTERCEPT($E$35:$E$58, $D$35:$D$58) -> 7.7535103
A45: 120 | B45: Truck | C45: 19.84 | D45: =C45-C44 -> 1.24 | E45: 6.39 | F45: =D45*G45/3.6 -> 8.6455556 | G45: 25.1
A46: 113 | B46: Car | C46: 25.4 | D46: =C46-C45 -> 5.56 | E46: 15.85 | F46: =D46*G46/3.6 -> 24.711111 | G46: 16 | J46: Time Mean Speed
A47: 166 | B47: CNG | C47: 27 | D47: =C47-C46 -> 1.6 | E47: 8.95 | F47: =D47*G47/3.6 -> 7.6444444 | G47: 17.2 | J47: Car | K47: =AVERAGEIFS($G$35:$G$80, $B$35:$B$80, J47, $G$35:$G$80, "<>0") -> 17.928571
A48: 177 | B48: Motorbike | C48: 27.44 | D48: =C48-C47 -> 0.44 | E48: 0.86 | F48: =D48*G48/3.6 -> 3.0188889 | G48: 24.7 | J48: Motorbike | K48: =AVERAGEIFS($G$35:$G$80, $B$35:$B$80, J48, $G$35:$G$80, "<>0") -> 22.875
A49: 133 | B49: Car | C49: 28.6 | D49: =C49-C48 -> 1.16 | E49: 6.24 | F49: =D49*G49/3.6 -> 6.4766667 | G49: 20.1 | J49: CNG | K49: =AVERAGEIFS($G$35:$G$80, $B$35:$B$80, J49, $G$35:$G$80, "<>0") -> 19.44
A50: 198 | B50: Motorbike | C50: 30.64 | D50: =C50-C49 -> 2.04 | E50: 12.41 | F50: =D50*G50/3.6 -> 14.62 | G50: 25.8
A51: 244 | B51: Car | C51: 35.24 | D51: =C51-C50 -> 4.6 | E51: 9.98 | F51: =D51*G51/3.6 -> 0 | G51: 0
A52: 261 | B52: Car | C52: 39.92 | D52: =C52-C51 -> 4.68 | E52: 11.7 | F52: =D52*G52/3.6 -> 25.48 | G52: 19.6

Sheet 3.40
A1: Lane 2 | X1: Headway | Z1: Speed
A2: L2_ID | B2: L2_Cls | C2: L2_Time | D2: Headway | E2: L2_Gap | F2: Gap (Calc) | G2: L2_Speed | J2: Headway | K2: Gap (m) | X2: Time | Y2: Gap | Z2: Leader | AA2: Follower
A3: 6 | B3: Car | C3: 0.48 | D3: 0 | E3: 0 | F3: 0 | G3: 0 | J3: 0 | K3: 0 | X3: =D4 -> 1.64 | Y3: =E4 -> 12.43 | Z3: =G4 -> 25 | AA3: =G3 -> 0
A4: 2 | B4: Car | C4: 2.12 | D4: =C4-C3 -> 1.64 | E4: 12.43 | F4: =D4*G4/3.6 -> 11.388889 | G4: 25 | J4: 0.2 | K4: =SLOPE($E$3:$E$8, $D$3:$D$8) * J4 + INTERCEPT($E$3:$E$8, $D$3:$D$8) -> 0.48871526 | X4: =D5 -> 2.28 | Y4: =E5 -> 17.41 | Z4: =G5 -> 23.1 | AA4: =G4 -> 25
A5: 12 | B5: Car | C5: 4.4 | D5: =C5-C4 -> 2.28 | E5: 17.41 | F5: =D5*G5/3.6 -> 14.63 | G5: 23.1 | J5: 0.4 | K5: =SLOPE($E$3:$E$8, $D$3:$D$8) * J5 + INTERCEPT($E$3:$E$8, $D$3:$D$8) -> 2.0484155 | X5: =D6 -> 2.28 | Y5: =E6 -> 15.62 | Z5: =G6 -> 30 | AA5: =G5 -> 23.1
A6: 51 | B6: Motorbike | C6: 6.68 | D6: =C6-C5 -> 2.28 | E6: 15.62 | F6: =D6*G6/3.6 -> 19 | G6: 30 | J6: 0.6 | K6: =SLOPE($E$3:$E$8, $D$3:$D$8) * J6 + INTERCEPT($E$3:$E$8, $D$3:$D$8) -> 3.6081157 | X6: =D7 -> 2.12 | Y6: =E7 -> 16.64 | Z6: =G7 -> 21.8 | AA6: =G6 -> 30
A7: 63 | B7: CNG | C7: 8.8 | D7: =C7-C6 -> 2.12 | E7: 16.64 | F7: =D7*G7/3.6 -> 12.837778 | G7: 21.8 | J7: 0.8 | K7: =SLOPE($E$3:$E$8, $D$3:$D$8) * J7 + INTERCEPT($E$3:$E$8, $D$3:$D$8) -> 5.1678159 | X7: =D8 -> 1.08 | Y7: =E8 -> 4.78 | Z7: =G8 -> 21.5 | AA7: =G7 -> 21.8
A8: 42 | B8: Car | C8: 9.88 | D8: =C8-C7 -> 1.08 | E8: 4.78 | F8: =D8*G8/3.6 -> 6.45 | G8: 21.5 | J8: 1 | K8: =SLOPE($E$3:$E$8, $D$3:$D$8) * J8 + INTERCEPT($E$3:$E$8, $D$3:$D$8) -> 6.7275161 | X8: =D9 -> 0 | Y8: =E9 -> 0 | Z8: =G9 -> 0 | AA8: =G8 -> 21.5
J9: 1.2 | K9: =SLOPE($E$3:$E$8, $D$3:$D$8) * J9 + INTERCEPT($E$3:$E$8, $D$3:$D$8) -> 8.2872163 | X9: =D10 -> 0 | Y9: =E10 -> 0 | Z9: =G10 -> 11.7 | AA9: =G9 -> 0
A10: 73 | B10: Car | C10: 12.48 | E10: 0 | F10: 0 | G10: 11.7 | J10: 1.4 | K10: =SLOPE($E$3:$E$8, $D$3:$D$8) * J10 + INTERCEPT($E$3:$E$8, $D$3:$D$8) -> 9.8469165 | X10: =D11 -> 4.4 | Y10: =E11 -> 16.91 | Z10: =G11 -> 21.7 | AA10: =G10 -> 11.7
A11: 81 | B11: Motorbike | C11: 16.88 | D11: =C11-C10 -> 4.4 | E11: 16.91 | F11: =D11*G11/3.6 -> 26.522222 | G11: 21.7 | J11: 1.6 | K11: =SLOPE($E$3:$E$8, $D$3:$D$8) * J11 + INTERCEPT($E$3:$E$8, $D$3:$D$8) -> 11.406617 | X11: =D12 -> 1.6 | Y11: =E12 -> 10.14 | Z11: =G12 -> 24.3 | AA11: =G11 -> 21.7
A12: 100 | B12: Car | C12: 18.48 | D12: =C12-C11 -> 1.6 | E12: 10.14 | F12: =D12*G12/3.6 -> 10.8 | G12: 24.3 | J12: 1.8 | K12: =SLOPE($E$3:$E$8, $D$3:$D$8) * J12 + INTERCEPT($E$3:$E$8, $D$3:$D$8) -> 12.966317 | X12: =D13 -> 2.92 | Y12: =E13 -> 15.63 | Z12: =G13 -> 21.3 | AA12: =G12 -> 24.3
A13: 121 | B13: Car | C13: 21.4 | D13: =C13-C12 -> 2.92 | E13: 15.63 | F13: =D13*G13/3.6 -> 17.276667 | G13: 21.3 | J13: 2 | K13: =SLOPE($E$3:$E$8, $D$3:$D$8) * J13 + INTERCEPT($E$3:$E$8, $D$3:$D$8) -> 14.526017 | X13: =D14 -> 0.88 | Y13: =E14 -> 7.32 | Z13: =G14 -> 23.5 | AA13: =G13 -> 21.3
A14: 119 | B14: Car | C14: 22.28 | D14: =C14-C13 -> 0.88 | E14: 7.32 | F14: =D14*G14/3.6 -> 5.7444444 | G14: 23.5 | X14: =D15 -> 2.12 | Y14: =E15 -> 11.78 | Z14: =G15 -> 22.1 | AA14: =G14 -> 23.5
A15: 134 | B15: Car | C15: 24.4 | D15: =C15-C14 -> 2.12 | E15: 11.78 | F15: =D15*G15/3.6 -> 13.014444 | G15: 22.1 | J15: Time Mean Speed | X15: =D16 -> 1.68 | Y15: =E16 -> 10.04 | Z15: =G16 -> 22.2 | AA15: =G15 -> 22.1
A16: 136 | B16: Car | C16: 26.08 | D16: =C16-C15 -> 1.68 | E16: 10.04 | F16: =D16*G16/3.6 -> 10.36 | G16: 22.2 | J16: Car | K16: =AVERAGEIFS($G$3:$G$30, $B$3:$B$30, J16, $G$3:$G$30, "<>0") -> 21.55 | X16: =D17 -> 0.44 | Y16: =E17 -> 2.44 | Z16: =G17 -> 20.4 | AA16: =G16 -> 22.2
A17: 138 | B17: Car | C17: 26.52 | D17: =C17-C16 -> 0.44 | E17: 2.44 | F17: =D17*G17/3.6 -> 2.4933333 | G17: 20.4 | J17: Motorbike | K17: =AVERAGEIFS($G$3:$G$30, $B$3:$B$30, J17, $G$3:$G$30, "<>0") -> 25.933333 | X17: =D18 -> 1 | Y17: =E18 -> 5.03 | Z17: =G18 -> 24.9 | AA17: =G17 -> 20.4
A18: 150 | B18: Car | C18: 27.52 | D18: =C18-C17 -> 1 | E18: 5.03 | F18: =D18*G18/3.6 -> 6.9166667 | G18: 24.9 | J18: CNG | K18: =AVERAGEIFS($G$3:$G$30, $B$3:$B$30, J18, $G$3:$G$30, "<>0") -> 21.8 | X18: =D19 -> 1.56 | Y18: =E19 -> 9.85 | Z18: =G19 -> 26.1 | AA18: =G18 -> 24.9
A19: 163 | B19: Motorbike | C19: 29.08 | D19: =C19-C18 -> 1.56 | E19: 9.85 | F19: =D19*G19/3.6 -> 11.31 | G19: 26.1 | X19: =D20 -> 4.92 | Y19: =E20 -> 15.16 | Z19: =G20 -> 18.6 | AA19: =G19 -> 26.1
A20: 179 | B20: Car | C20: 34 | D20: =C20-C19 -> 4.92 | E20: 15.16 | F20: =D20*G20/3.6 -> 25.42 | G20: 18.6 | X20: =D21 -> 0 | Y20: =E21 -> 0 | Z20: =G21 -> 0 | AA20: =G20 -> 18.6
X21: =D22 -> 0 | Y21: =E22 -> 0 | Z21: =G22 -> 0 | AA21: =G21 -> 0
X22: =D23 -> 0 | Y22: =E23 -> 0 | Z22: =G23 -> 0 | AA22: =G22 -> 0
X23: =D24 -> 0 | Y23: =E24 -> 0 | Z23: =G24 -> 0 | AA23: =G23 -> 0
X24: =D25 -> 0 | Y24: =E25 -> 0 | Z24: =G25 -> 0 | AA24: =G24 -> 0
X25: =D26 -> 0 | Y25: =E26 -> 0 | Z25: =G26 -> 0 | AA25: =G25 -> 0
X26: =D27 -> 0 | Y26: =E27 -> 0 | Z26: =G27 -> 0 | AA26: =G26 -> 0
X27: =D28 -> 0 | Y27: =E28 -> 0 | Z27: =G28 -> 0 | AA27: =G27 -> 0
A33: Lane 3 | J33: Headway | K33: Gap (m)
A34: L3_ID | B34: L3_Cls | C34: L3_Time | D34: Headway | E34: L3_Gap | F34: Gap (Calc) | G34: L3_Speed | J34: 0 | K34: 0
A35: 3 | B35: CNG | C35: 0.4 | D35: 0 | E35: 0 | F35: 0 | G35: 0 | J35: 0.2 | K35: =SLOPE($E$35:$E$58, $D$35:$D$58) * J35 + INTERCEPT($E$35:$E$58, $D$35:$D$58) -> 4.2597382
A36: 10 | B36: CNG | C36: 1.48 | D36: =C36-C35 -> 1.08 | E36: 7.15 | F36: =D36*G36/3.6 -> 4.29 | G36: 14.3 | J36: 0.4 | K36: =SLOPE($E$35:$E$58, $D$35:$D$58) * J36 + INTERCEPT($E$35:$E$58, $D$35:$D$58) -> 4.6894061
A37: 11 | B37: CNG | C37: 2.92 | D37: =C37-C36 -> 1.44 | E37: 10.57 | F37: =D37*G37/3.6 -> 7.72 | G37: 19.3 | J37: 0.6 | K37: =SLOPE($E$35:$E$58, $D$35:$D$58) * J37 + INTERCEPT($E$35:$E$58, $D$35:$D$58) -> 5.119074
A38: 41 | B38: Motorbike | C38: 4.68 | D38: =C38-C37 -> 1.76 | E38: 10.93 | F38: =D38*G38/3.6 -> 8.2622222 | G38: 16.9 | J38: 0.8 | K38: =SLOPE($E$35:$E$58, $D$35:$D$58) * J38 + INTERCEPT($E$35:$E$58, $D$35:$D$58) -> 5.548742
A39: 16 | B39: CNG | C39: 5.12 | D39: =C39-C38 -> 0.44 | E39: 1.91 | F39: =D39*G39/3.6 -> 2.3711111 | G39: 19.4 | J39: 1 | K39: =SLOPE($E$35:$E$58, $D$35:$D$58) * J39 + INTERCEPT($E$35:$E$58, $D$35:$D$58) -> 5.9784099
A40: 57 | B40: Motorbike | C40: 6.48 | D40: =C40-C39 -> 1.36 | E40: 7.7 | F40: =D40*G40/3.6 -> 9.18 | G40: 24.3 | J40: 1.2 | K40: =SLOPE($E$35:$E$58, $D$35:$D$58) * J40 + INTERCEPT($E$35:$E$58, $D$35:$D$58) -> 6.4080778
A41: 63 | B41: CNG | C41: 9.08 | D41: =C41-C40 -> 2.6 | E41: 9.27 | F41: =D41*G41/3.6 -> 15.238889 | G41: 21.1 | J41: 1.4 | K41: =SLOPE($E$35:$E$58, $D$35:$D$58) * J41 + INTERCEPT($E$35:$E$58, $D$35:$D$58) -> 6.8377457
A42: 46 | B42: Car | C42: 10.48 | D42: =C42-C41 -> 1.4 | E42: 10.56 | F42: =D42*G42/3.6 -> 10.15 | G42: 26.1 | J42: 1.6 | K42: =SLOPE($E$35:$E$58, $D$35:$D$58) * J42 + INTERCEPT($E$35:$E$58, $D$35:$D$58) -> 7.2674137
A43: 107 | B43: Motorbike | C43: 17.48 | D43: =C43-C42 -> 7 | E43: 14.54 | F43: =D43*G43/3.6 -> 39.472222 | G43: 20.3 | J43: 1.8 | K43: =SLOPE($E$35:$E$58, $D$35:$D$58) * J43 + INTERCEPT($E$35:$E$58, $D$35:$D$58) -> 7.6970816
A44: 103 | B44: Motorbike | C44: 18.28 | D44: =C44-C43 -> 0.8 | E44: 4.7 | F44: =D44*G44/3.6 -> 3.7555556 | G44: 16.9 | J44: 2 | K44: =SLOPE($E$35:$E$58, $D$35:$D$58) * J44 + INTERCEPT($E$35:$E$58, $D$35:$D$58) -> 8.1267495
A45: 97 | B45: Car | C45: 19.52 | D45: =C45-C44 -> 1.24 | E45: 5.1 | F45: =D45*G45/3.6 -> 6.7511111 | G45: 19.6
A46: 126 | B46: Car | C46: 23.32 | D46: =C46-C45 -> 3.8 | E46: 15.02 | F46: =D46*G46/3.6 -> 19.316667 | G46: 18.3 | J46: Time Mean Speed
A47: 135 | B47: Car | C47: 25.08 | D47: =C47-C46 -> 1.76 | E47: 9.78 | F47: =D47*G47/3.6 -> 8.9466667 | G47: 18.3 | J47: Car | K47: =AVERAGEIFS($G$35:$G$80, $B$35:$B$80, J47, $G$35:$G$80, "<>0") -> 20.16
A48: 138 | B48: Car | C48: 26.88 | D48: =C48-C47 -> 1.8 | E48: 5.88 | F48: =D48*G48/3.6 -> 9.25 | G48: 18.5 | J48: Motorbike | K48: =AVERAGEIFS($G$35:$G$80, $B$35:$B$80, J48, $G$35:$G$80, "<>0") -> 21.283333
A49: 156 | B49: Motorbike | C49: 26.92 | D49: =C49-C48 -> 0.04 | E49: 2.35 | F49: =D49*G49/3.6 -> 0.23777778 | G49: 21.4 | J49: CNG | K49: =AVERAGEIFS($G$35:$G$80, $B$35:$B$80, J49, $G$35:$G$80, "<>0") -> 18.525
A50: 159 | B50: Truck | C50: 29.68 | D50: =C50-C49 -> 2.76 | E50: 10.25 | F50: =D50*G50/3.6 -> 13.723333 | G50: 17.9
A51: 184 | B51: Motorbike | C51: 29.68 | D51: =C51-C50 -> 0 | E51: 1.47 | F51: =D51*G51/3.6 -> 0 | G51: 0
A52: 180 | B52: Motorbike | C52: 32.48 | D52: =C52-C51 -> 2.8 | E52: 10.68 | F52: =D52*G52/3.6 -> 21.7 | G52: 27.9

Sheet 8.15
A1: Lane 2 | X1: Headway | Z1: Speed | AB1: Vehicle Type
A2: L2_ID | B2: L2_Cls | C2: L2_Time | D2: Headway | E2: L2_Gap | F2: Gap (Calc) | G2: L2_Speed | J2: Headway | K2: Gap (m) | X2: Time | Y2: Gap | Z2: Leader | AA2: Follower | AB2: Leader | AC2: Follower
A3: 2 | B3: Car | C3: 2.52 | D3: 0 | E3: 0 | F3: 0 | G3: 18.4 | J3: 0 | K3: 0 | X3: =D4 -> 1.96 | Y3: =E4 -> 11.34 | Z3: =G4 -> 23.6 | AA3: =G3 -> 18.4 | AB3: Car | AC3: Car
A4: 4 | B4: Car | C4: 4.48 | D4: =C4-C3 -> 1.96 | E4: 11.34 | F4: =D4*G4/3.6 -> 12.848889 | G4: 23.6 | J4: 0.2 | K4: =SLOPE($E$3:$E$27, $D$3:$D$27) * J4 + INTERCEPT($E$3:$E$27, $D$3:$D$27) -> 5.0572626 | X4: =D5 -> 0.6 | Y4: =E5 -> 4.52 | Z4: =G5 -> 16.1 | AA4: =G4 -> 23.6 | AB4: Car | AC4: Car
A5: 6 | B5: Car | C5: 5.08 | D5: =C5-C4 -> 0.6 | E5: 4.52 | F5: =D5*G5/3.6 -> 2.6833333 | G5: 16.1 | J5: 0.4 | K5: =SLOPE($E$3:$E$27, $D$3:$D$27) * J5 + INTERCEPT($E$3:$E$27, $D$3:$D$27) -> 5.6477252 | X5: =D6 -> 0.92 | Y5: =E6 -> 1.5 | Z5: =G6 -> 31.3 | AA5: =G5 -> 16.1 | AB5: Car | AC5: Car
A6: 15 | B6: Car | C6: 6 | D6: =C6-C5 -> 0.92 | E6: 1.5 | F6: =D6*G6/3.6 -> 7.9988889 | G6: 31.3 | J6: 0.6 | K6: =SLOPE($E$3:$E$27, $D$3:$D$27) * J6 + INTERCEPT($E$3:$E$27, $D$3:$D$27) -> 6.2381877 | X6: =D7 -> 1.08 | Y6: =E7 -> 9.11 | Z6: =G7 -> 19.8 | AA6: =G6 -> 31.3
A7: 23 | B7: Car | C7: 7.08 | D7: =C7-C6 -> 1.08 | E7: 9.11 | F7: =D7*G7/3.6 -> 5.94 | G7: 19.8 | J7: 0.8 | K7: =SLOPE($E$3:$E$27, $D$3:$D$27) * J7 + INTERCEPT($E$3:$E$27, $D$3:$D$27) -> 6.8286503 | X7: =D8 -> 1.84 | Y7: =E8 -> 9.32 | Z7: =G8 -> 17.1 | AA7: =G7 -> 19.8
A8: 56 | B8: CNG | C8: 8.92 | D8: =C8-C7 -> 1.84 | E8: 9.32 | F8: =D8*G8/3.6 -> 8.74 | G8: 17.1 | J8: 1 | K8: =SLOPE($E$3:$E$27, $D$3:$D$27) * J8 + INTERCEPT($E$3:$E$27, $D$3:$D$27) -> 7.4191129 | X8: =D9 -> 2.56 | Y8: =E9 -> 14.78 | Z8: =G9 -> 26.6 | AA8: =G8 -> 17.1
A9: 80 | B9: Motorbike | C9: 11.48 | D9: =C9-C8 -> 2.56 | E9: 14.78 | F9: =D9*G9/3.6 -> 18.915556 | G9: 26.6 | J9: 1.2 | K9: =SLOPE($E$3:$E$27, $D$3:$D$27) * J9 + INTERCEPT($E$3:$E$27, $D$3:$D$27) -> 8.0095755 | X9: =D10 -> 6.12 | Y9: =E10 -> 15.51 | Z9: =G10 -> 24.4 | AA9: =G9 -> 26.6
A10: 116 | B10: Car | C10: 17.6 | D10: =C10-C9 -> 6.12 | E10: 15.51 | F10: =D10*G10/3.6 -> 41.48 | G10: 24.4 | J10: 1.4 | K10: =SLOPE($E$3:$E$27, $D$3:$D$27) * J10 + INTERCEPT($E$3:$E$27, $D$3:$D$27) -> 8.6000381 | X10: =D11 -> 1.88 | Y10: =E11 -> 11.21 | Z10: =G11 -> 25.4 | AA10: =G10 -> 24.4
A11: 90 | B11: Car | C11: 19.48 | D11: =C11-C10 -> 1.88 | E11: 11.21 | F11: =D11*G11/3.6 -> 13.264444 | G11: 25.4 | J11: 1.6 | K11: =SLOPE($E$3:$E$27, $D$3:$D$27) * J11 + INTERCEPT($E$3:$E$27, $D$3:$D$27) -> 9.1905007 | X11: =D12 -> 3.12 | Y11: =E12 -> 16.72 | Z11: =G12 -> 22.7 | AA11: =G11 -> 25.4
A12: 137 | B12: Car | C12: 22.6 | D12: =C12-C11 -> 3.12 | E12: 16.72 | F12: =D12*G12/3.6 -> 19.673333 | G12: 22.7 | J12: 1.8 | K12: =SLOPE($E$3:$E$27, $D$3:$D$27) * J12 + INTERCEPT($E$3:$E$27, $D$3:$D$27) -> 9.7809633 | X12: =D13 -> 0.72 | Y12: =E13 -> 5.43 | Z12: =G13 -> 23.9 | AA12: =G12 -> 22.7
A13: 119 | B13: CNG | C13: 23.32 | D13: =C13-C12 -> 0.72 | E13: 5.43 | F13: =D13*G13/3.6 -> 4.78 | G13: 23.9 | J13: 2 | K13: =SLOPE($E$3:$E$27, $D$3:$D$27) * J13 + INTERCEPT($E$3:$E$27, $D$3:$D$27) -> 10.371426 | X13: =D14 -> 1.48 | Y13: =E14 -> 7.01 | Z13: =G14 -> 24.1 | AA13: =G13 -> 23.9
A14: 149 | B14: Car | C14: 24.8 | D14: =C14-C13 -> 1.48 | E14: 7.01 | F14: =D14*G14/3.6 -> 9.9077778 | G14: 24.1 | X14: =D15 -> 2.32 | Y14: =E15 -> 16.59 | Z14: =G15 -> 29.5 | AA14: =G14 -> 24.1
A15: 165 | B15: Car | C15: 27.12 | D15: =C15-C14 -> 2.32 | E15: 16.59 | F15: =D15*G15/3.6 -> 19.011111 | G15: 29.5 | J15: Time Mean Speed | X15: =D16 -> 2.76 | Y15: =E16 -> 17.5 | Z15: =G16 -> 28.2 | AA15: =G15 -> 29.5
A16: 177 | B16: Car | C16: 29.88 | D16: =C16-C15 -> 2.76 | E16: 17.5 | F16: =D16*G16/3.6 -> 21.62 | G16: 28.2 | J16: Car | K16: =AVERAGEIFS($G$3:$G$30, $B$3:$B$30, J16, $G$3:$G$30, "<>0") -> 24.133333 | X16: =D17 -> 2.04 | Y16: =E17 -> 13.26 | Z16: =G17 -> 26.1 | AA16: =G16 -> 28.2
A17: 188 | B17: Car | C17: 31.92 | D17: =C17-C16 -> 2.04 | E17: 13.26 | F17: =D17*G17/3.6 -> 14.79 | G17: 26.1 | J17: Motorbike | K17: =AVERAGEIFS($G$3:$G$30, $B$3:$B$30, J17, $G$3:$G$30, "<>0") -> 26.6 | X17: =D18 -> 0 | Y17: =E18 -> 0 | Z17: =G18 -> 0 | AA17: =G17 -> 26.1
J18: CNG | K18: =AVERAGEIFS($G$3:$G$30, $B$3:$B$30, J18, $G$3:$G$30, "<>0") -> 20.5 | X18: =D19 -> 0 | Y18: =E19 -> 0 | Z18: =G19 -> 0 | AA18: =G18 -> 0
X19: =D20 -> 0 | Y19: =E20 -> 0 | Z19: =G20 -> 0 | AA19: =G19 -> 0
X20: =D21 -> 0 | Y20: =E21 -> 0 | Z20: =G21 -> 0 | AA20: =G20 -> 0
X21: =D22 -> 0 | Y21: =E22 -> 0 | Z21: =G22 -> 0 | AA21: =G21 -> 0
X22: =D23 -> 0 | Y22: =E23 -> 0 | Z22: =G23 -> 0 | AA22: =G22 -> 0
X23: =D24 -> 0 | Y23: =E24 -> 0 | Z23: =G24 -> 0 | AA23: =G23 -> 0
X24: =D25 -> 0 | Y24: =E25 -> 0 | Z24: =G25 -> 0 | AA24: =G24 -> 0
X25: =D26 -> 0 | Y25: =E26 -> 0 | Z25: =G26 -> 0 | AA25: =G25 -> 0
X26: =D27 -> 0 | Y26: =E27 -> 0 | Z26: =G27 -> 0 | AA26: =G26 -> 0
X27: =D28 -> 0 | Y27: =E28 -> 0 | Z27: =G28 -> 0 | AA27: =G27 -> 0
AB31: Normalizing Gap by speed | AD31: Gap
Y32: Gap/V | Z32: Headway | AB32: Headway | AC32: Gap/V | AD32: 15 | AE32: 18 | AF32: 20 | AG32: 25
A33: Lane 3 | J33: Headway | K33: Gap (m) | Y33: 0 | Z33: 0 | AB33: 0 | AC33: 0 | AD33: 0 | AE33: 0 | AF33: 0 | AG33: 0
A34: L3_ID | B34: L3_Cls | C34: L3_Time | D34: Headway | E34: L3_Gap | F34: Gap (Calc) | G34: L3_Speed | J34: 0 | K34: 0 | Y34: =E4/G4 -> 0.48050847 | Z34: 0.4 | AB34: 0.2 | AC34: =SLOPE($Y$33:$Y$57, $Z$33:$Z$57) * AB34 + INTERCEPT($Y$33:$Y$57, $Z$33:$Z$57) -> #DIV/0! | AD34: =$AD$32*AC34 -> #DIV/0! | AE34: =$AE$32*AC34 -> #DIV/0! | AF34: =$AF$32*AC34 -> #DIV/0! | AG34: =$AG$32*AC34 -> #DIV/0!
A35: 12 | B35: Motorbike | C35: 1 | D35: 0 | E35: 0 | F35: 0 | G35: 16.799999 | J35: 0.2 | K35: =SLOPE($E$35:$E$58, $D$35:$D$58) * J35 + INTERCEPT($E$35:$E$58, $D$35:$D$58) -> 1.7938653 | Y35: =E5/G5 -> 0.28074534 | Z35: 1.04 | AB35: 0.4 | AC35: =SLOPE($Y$33:$Y$57, $Z$33:$Z$57) * AB35 + INTERCEPT($Y$33:$Y$57, $Z$33:$Z$57) -> #DIV/0! | AD35: =$AD$32*AC35 -> #DIV/0! | AE35: =$AE$32*AC35 -> #DIV/0! | AF35: =$AF$32*AC35 -> #DIV/0! | AG35: =$AG$32*AC35 -> #DIV/0!
A36: 3 | B36: CNG | C36: 2.2 | D36: =C36-C35 -> 1.2 | E36: 5.9699998 | F36: =D36*G36/3.6 -> 7.0666669 | G36: 21.200001 | J36: 0.4 | K36: =SLOPE($E$35:$E$58, $D$35:$D$58) * J36 + INTERCEPT($E$35:$E$58, $D$35:$D$58) -> 2.6639211 | Y36: =E6/G6 -> 0.047923323 | Z36: 1.16 | AB36: 0.6 | AC36: =SLOPE($Y$33:$Y$57, $Z$33:$Z$57) * AB36 + INTERCEPT($Y$33:$Y$57, $Z$33:$Z$57) -> #DIV/0! | AD36: =$AD$32*AC36 -> #DIV/0! | AE36: =$AE$32*AC36 -> #DIV/0! | AF36: =$AF$32*AC36 -> #DIV/0! | AG36: =$AG$32*AC36 -> #DIV/0!
A37: 5 | B37: CNG | C37: 3.52 | D37: =C37-C36 -> 1.32 | E37: 8.9899998 | F37: =D37*G37/3.6 -> 7.5533335 | G37: 20.6 | J37: 0.6 | K37: =SLOPE($E$35:$E$58, $D$35:$D$58) * J37 + INTERCEPT($E$35:$E$58, $D$35:$D$58) -> 3.5339768 | Y37: =E7/G7 -> 0.46010101 | Z37: 1.24 | AB37: 0.8 | AC37: =SLOPE($Y$33:$Y$57, $Z$33:$Z$57) * AB37 + INTERCEPT($Y$33:$Y$57, $Z$33:$Z$57) -> #DIV/0! | AD37: =$AD$32*AC37 -> #DIV/0! | AE37: =$AE$32*AC37 -> #DIV/0! | AF37: =$AF$32*AC37 -> #DIV/0! | AG37: =$AG$32*AC37 -> #DIV/0!
A38: 13 | B38: Car | C38: 4.92 | D38: =C38-C37 -> 1.4 | E38: 5.5700002 | F38: =D38*G38/3.6 -> 7.466667 | G38: 19.200001 | J38: 0.8 | K38: =SLOPE($E$35:$E$58, $D$35:$D$58) * J38 + INTERCEPT($E$35:$E$58, $D$35:$D$58) -> 4.4040326 | Y38: =E8/G8 -> 0.54502924 | Z38: 2.16 | AB38: 1 | AC38: =SLOPE($Y$33:$Y$57, $Z$33:$Z$57) * AB38 + INTERCEPT($Y$33:$Y$57, $Z$33:$Z$57) -> #DIV/0! | AD38: =$AD$32*AC38 -> #DIV/0! | AE38: =$AE$32*AC38 -> #DIV/0! | AF38: =$AF$32*AC38 -> #DIV/0! | AG38: =$AG$32*AC38 -> #DIV/0!
A39: 58 | B39: Motorbike | C39: 5.72 | D39: =C39-C38 -> 0.8 | E39: 4.7399998 | F39: =D39*G39/3.6 -> 0 | G39: 0 | J39: 1 | K39: =SLOPE($E$35:$E$58, $D$35:$D$58) * J39 + INTERCEPT($E$35:$E$58, $D$35:$D$58) -> 5.2740883 | Y39: =E9/G9 -> 0.5556391 | Z39: 2.64 | AB39: 1.2 | AC39: =SLOPE($Y$33:$Y$57, $Z$33:$Z$57) * AB39 + INTERCEPT($Y$33:$Y$57, $Z$33:$Z$57) -> #DIV/0! | AD39: =$AD$32*AC39 -> #DIV/0! | AE39: =$AE$32*AC39 -> #DIV/0! | AF39: =$AF$32*AC39 -> #DIV/0! | AG39: =$AG$32*AC39 -> #DIV/0!
A40: 21 | B40: CNG | C40: 6.8 | D40: =C40-C39 -> 1.08 | E40: 10.04 | F40: =D40*G40/3.6 -> 6.8699999 | G40: 22.9 | J40: 1.2 | K40: =SLOPE($E$35:$E$58, $D$35:$D$58) * J40 + INTERCEPT($E$35:$E$58, $D$35:$D$58) -> 6.1441441 | Y40: =E10/G10 -> 0.63565574 | Z40: 2.2 | AB40: 1.4 | AC40: =SLOPE($Y$33:$Y$57, $Z$33:$Z$57) * AB40 + INTERCEPT($Y$33:$Y$57, $Z$33:$Z$57) -> #DIV/0! | AD40: =$AD$32*AC40 -> #DIV/0! | AE40: =$AE$32*AC40 -> #DIV/0! | AF40: =$AF$32*AC40 -> #DIV/0! | AG40: =$AG$32*AC40 -> #DIV/0!
A41: 36 | B41: CNG | C41: 6.88 | D41: =C41-C40 -> 0.08 | E41: -1.05 | F41: =D41*G41/3.6 -> 0.41777776 | G41: 18.799999 | J41: 1.4 | K41: =SLOPE($E$35:$E$58, $D$35:$D$58) * J41 + INTERCEPT($E$35:$E$58, $D$35:$D$58) -> 7.0141998 | Y41: =E11/G11 -> 0.44133858 | Z41: 2.68 | AB41: 1.6 | AC41: =SLOPE($Y$33:$Y$57, $Z$33:$Z$57) * AB41 + INTERCEPT($Y$33:$Y$57, $Z$33:$Z$57) -> #DIV/0! | AD41: =$AD$32*AC41 -> #DIV/0! | AE41: =$AE$32*AC41 -> #DIV/0! | AF41: =$AF$32*AC41 -> #DIV/0! | AG41: =$AG$32*AC41 -> #DIV/0!
A42: 79 | B42: Motorbike | C42: 8.12 | D42: =C42-C41 -> 1.24 | E42: 5.6799998 | F42: =D42*G42/3.6 -> 0 | G42: 0 | J42: 1.6 | K42: =SLOPE($E$35:$E$58, $D$35:$D$58) * J42 + INTERCEPT($E$35:$E$58, $D$35:$D$58) -> 7.8842556 | Y42: =E12/G12 -> 0.73656388 | Z42: 1.48 | AB42: 1.8 | AC42: =SLOPE($Y$33:$Y$57, $Z$33:$Z$57) * AB42 + INTERCEPT($Y$33:$Y$57, $Z$33:$Z$57) -> #DIV/0! | AD42: =$AD$32*AC42 -> #DIV/0! | AE42: =$AE$32*AC42 -> #DIV/0! | AF42: =$AF$32*AC42 -> #DIV/0! | AG42: =$AG$32*AC42 -> #DIV/0!
A43: 20 | B43: Motorbike | C43: 8.6 | D43: =C43-C42 -> 0.48 | E43: -0.050000001 | F43: =D43*G43/3.6 -> 4.4799998 | G43: 33.599998 | J43: 1.8 | K43: =SLOPE($E$35:$E$58, $D$35:$D$58) * J43 + INTERCEPT($E$35:$E$58, $D$35:$D$58) -> 8.7543114 | Y43: =E13/G13 -> 0.22719665 | Z43: 1.64 | AB43: 2 | AC43: =SLOPE($Y$33:$Y$57, $Z$33:$Z$57) * AB43 + INTERCEPT($Y$33:$Y$57, $Z$33:$Z$57) -> #DIV/0! | AD43: =$AD$32*AC43 -> #DIV/0! | AE43: =$AE$32*AC43 -> #DIV/0! | AF43: =$AF$32*AC43 -> #DIV/0! | AG43: =$AG$32*AC43 -> #DIV/0!
A44: 50 | B44: Motorbike | C44: 9 | D44: =C44-C43 -> 0.4 | E44: 4.54 | F44: =D44*G44/3.6 -> 3.811111 | G44: 34.299999 | J44: 2 | K44: =SLOPE($E$35:$E$58, $D$35:$D$58) * J44 + INTERCEPT($E$35:$E$58, $D$35:$D$58) -> 9.6243671 | Y44: =E14/G14 -> 0.29087137 | Z44: 1.68
A45: 84 | B45: Motorbike | C45: 9.12 | D45: =C45-C44 -> 0.12 | E45: 0.95999998 | F45: =D45*G45/3.6 -> 0 | G45: 0 | Y45: =E15/G15 -> 0.56237288 | Z45: 1.68
A46: 56 | B46: CNG | C46: 9.2 | D46: =C46-C45 -> 0.08 | E46: -1.76 | F46: =D46*G46/3.6 -> 0.37555555 | G46: 16.9 | J46: Time Mean Speed | Y46: =E16/G16 -> 0.62056738 | Z46: 1
F47: =D47*G47/3.6 -> 0 | J47: Car | K47: =AVERAGEIFS($G$35:$G$80, $B$35:$B$80, J47, $G$35:$G$80, "<>0") -> 23.085714 | Y47: =E17/G17 -> 0.50804598 | Z47: 3.44
A48: 51 | B48: CNG | C48: 9.88 | E48: -2.9400001 | F48: =D48*G48/3.6 -> 0 | G48: 24.200001 | J48: Motorbike | K48: =AVERAGEIFS($G$35:$G$80, $B$35:$B$80, J48, $G$35:$G$80, "<>0") -> 23.9 | Y48: =E18/G18 -> #DIV/0! | Z48: 1.2
A49: 97 | B49: Motorbike | C49: 11 | D49: =C49-C48 -> 1.12 | E49: 9.6400003 | F49: =D49*G49/3.6 -> 1.3066666 | G49: 4.1999998 | J49: CNG | K49: =AVERAGEIFS($G$35:$G$80, $B$35:$B$80, J49, $G$35:$G$80, "<>0") -> 20.766667 | Y49: =E19/G19 -> #DIV/0! | Z49: 2.68
A50: 76 | B50: Motorbike | C50: 11.2 | D50: =C50-C49 -> 0.2 | E50: 0.28 | F50: =D50*G50/3.6 -> 1.2722222 | G50: 22.9 | Y50: =E20/G20 -> #DIV/0! | Z50: 1.6
A51: 94 | B51: Motorbike | C51: 11.68 | D51: =C51-C50 -> 0.48 | E51: 2.45 | F51: =D51*G51/3.6 -> 1.04 | G51: 7.8000002 | Y51: =E21/G21 -> #DIV/0! | Z51: 1.6
A52: 96 | B52: Motorbike | C52: 12.12 | D52: =C52-C51 -> 0.44 | E52: 1.76 | F52: =D52*G52/3.6 -> 3.0677778 | G52: 25.1 | Y52: =E22/G22 -> #DIV/0! | Z52: 1.2
A53: 92 | B53: Car | C53: 16.12 | D53: =C53-C52 -> 4 | E53: 12.9 | F53: =D53*G53/3.6 -> 23.222222 | G53: 20.9 | Y53: =E23/G23 -> #DIV/0! | Z53: 0.8
A54: 134 | B54: Motorbike | C54: 19.2 | D54: =C54-C53 -> 3.08 | E54: 17.09 | F54: =D54*G54/3.6 -> 32.853335 | G54: 38.400002 | Y54: =E24/G24 -> #DIV/0! | Z54: 1.48
A55: 131 | B55: Bicycle | C55: 20 | D55: =C55-C54 -> 0.8 | E55: 6.8099999 | F55: =D55*G55/3.6 -> 3.0222223 | G55: 13.6 | Y55: =E25/G25 -> #DIV/0! | Z55: 0.8
A56: 138 | B56: Motorbike | C56: 21.2 | D56: =C56-C55 -> 1.2 | E56: 4.8899999 | F56: =D56*G56/3.6 -> 10.666667 | G56: 32 | Y56: =E26/G26 -> #DIV/0! | Z56: 6
A57: 139 | B57: Car | C57: 22.12 | D57: =C57-C56 -> 0.92 | E57: 6.5 | F57: =D57*G57/3.6 -> 6.567778 | G57: 25.700001
A58: 147 | B58: Car | C58: 23.88 | D58: =C58-C57 -> 1.76 | E58: 10.95 | F58: =D58*G58/3.6 -> 11.44 | G58: 23.4
A59: 160 | B59: Car | C59: 26.08 | D59: =C59-C58 -> 2.2 | E59: 12.84 | F59: =D59*G59/3.6 -> 16.377777 | G59: 26.799999
A60: 157 | B60: Car | C60: 29.32 | D60: =C60-C59 -> 3.24 | E60: 13.58 | F60: =D60*G60/3.6 -> 18.269999 | G60: 20.299999
A61: 172 | B61: Truck | C61: 30.72 | D61: =C61-C60 -> 1.4 | E61: 10.37 | F61: =D61*G61/3.6 -> 6.8833336 | G61: 17.700001
A62: 192 | B62: Car | C62: 33.88 | D62: =C62-C61 -> 3.16 | E62: 12.04 | F62: =D62*G62/3.6 -> 22.207777 | G62: 25.299999

Sheet 8.58
A1: Lane 2 | X1: Headway | Z1: Speed | AB1: Vehicle Type
A2: L2_ID | B2: L2_Cls | C2: L2_Time | D2: Headway | E2: L2_Gap | F2: Gap (Calc) | G2: L2_Speed | J2: Headway | K2: Gap (m) | X2: Time | Y2: Gap | Z2: Leader | AA2: Follower | AB2: Leader | AC2: Follower
A3: 2 | B3: Car | C3: 3.4 | D3: 0 | E3: 0 | F3: 0 | G3: 21.4 | J3: 0 | K3: 0 | X3: =D4 -> 2.88 | Y3: =E4 -> 16.64 | Z3: =G4 -> 19.1 | AA3: =G3 -> 21.4 | AB3: Car | AC3: Car
A4: 13 | B4: Car | C4: 6.28 | D4: =C4-C3 -> 2.88 | E4: 16.64 | F4: =D4*G4/3.6 -> 15.28 | G4: 19.1 | J4: 0.2 | K4: =SLOPE($E$3:$E$27, $D$3:$D$27) * J4 + INTERCEPT($E$3:$E$27, $D$3:$D$27) -> 1.9474919 | X4: =D5 -> 0.2 | Y4: =E5 -> 1.67 | Z4: =G5 -> 14.8 | AA4: =G4 -> 19.1 | AB4: Car | AC4: Car
A5: 3 | B5: Car | C5: 6.48 | D5: =C5-C4 -> 0.2 | E5: 1.67 | F5: =D5*G5/3.6 -> 0.82222222 | G5: 14.8 | J5: 0.4 | K5: =SLOPE($E$3:$E$27, $D$3:$D$27) * J5 + INTERCEPT($E$3:$E$27, $D$3:$D$27) -> 2.9077726 | X5: =D6 -> 3.04 | Y5: =E6 -> 12.69 | Z5: =G6 -> 20.2 | AA5: =G5 -> 14.8 | AB5: Car | AC5: Car
A6: 18 | B6: Car | C6: 9.52 | D6: =C6-C5 -> 3.04 | E6: 12.69 | F6: =D6*G6/3.6 -> 17.057778 | G6: 20.2 | J6: 0.6 | K6: =SLOPE($E$3:$E$27, $D$3:$D$27) * J6 + INTERCEPT($E$3:$E$27, $D$3:$D$27) -> 3.8680532 | X6: =D7 -> 0.36 | Y6: =E7 -> 3.69 | Z6: =G7 -> 19.4 | AA6: =G6 -> 20.2
A7: 48 | B7: Motorbike | C7: 9.88 | D7: =C7-C6 -> 0.36 | E7: 3.69 | F7: =D7*G7/3.6 -> 1.94 | G7: 19.4 | J7: 0.8 | K7: =SLOPE($E$3:$E$27, $D$3:$D$27) * J7 + INTERCEPT($E$3:$E$27, $D$3:$D$27) -> 4.8283339 | X7: =D8 -> 2.04 | Y7: =E8 -> 11.06 | Z7: =G8 -> 20.6 | AA7: =G7 -> 19.4
A8: 32 | B8: Car | C8: 11.92 | D8: =C8-C7 -> 2.04 | E8: 11.06 | F8: =D8*G8/3.6 -> 11.673333 | G8: 20.6 | J8: 1 | K8: =SLOPE($E$3:$E$27, $D$3:$D$27) * J8 + INTERCEPT($E$3:$E$27, $D$3:$D$27) -> 5.7886146 | X8: =D9 -> 1.36 | Y8: =E9 -> 8.36 | Z8: =G9 -> 22.1 | AA8: =G8 -> 20.6
A9: 54 | B9: Car | C9: 13.28 | D9: =C9-C8 -> 1.36 | E9: 8.36 | F9: =D9*G9/3.6 -> 8.3488889 | G9: 22.1 | J9: 1.2 | K9: =SLOPE($E$3:$E$27, $D$3:$D$27) * J9 + INTERCEPT($E$3:$E$27, $D$3:$D$27) -> 6.7488953 | X9: =D10 -> 1.92 | Y9: =E10 -> 12.19 | Z9: =G10 -> 19 | AA9: =G9 -> 22.1
A10: 72 | B10: CNG | C10: 15.2 | D10: =C10-C9 -> 1.92 | E10: 12.19 | F10: =D10*G10/3.6 -> 10.133333 | G10: 19 | J10: 1.4 | K10: =SLOPE($E$3:$E$27, $D$3:$D$27) * J10 + INTERCEPT($E$3:$E$27, $D$3:$D$27) -> 7.7091759 | X10: =D11 -> 0.2 | Y10: =E11 -> 1.63 | Z10: =G11 -> 25.9 | AA10: =G10 -> 19
A11: 71 | B11: Car | C11: 15.4 | D11: =C11-C10 -> 0.2 | E11: 1.63 | F11: =D11*G11/3.6 -> 1.4388889 | G11: 25.9 | J11: 1.6 | K11: =SLOPE($E$3:$E$27, $D$3:$D$27) * J11 + INTERCEPT($E$3:$E$27, $D$3:$D$27) -> 8.6694566 | X11: =D12 -> 3 | Y11: =E12 -> 18.95 | Z11: =G12 -> 31 | AA11: =G11 -> 25.9
A12: 130 | B12: Motorbike | C12: 18.4 | D12: =C12-C11 -> 3 | E12: 18.95 | F12: =D12*G12/3.6 -> 25.833333 | G12: 31 | J12: 1.8 | K12: =SLOPE($E$3:$E$27, $D$3:$D$27) * J12 + INTERCEPT($E$3:$E$27, $D$3:$D$27) -> 9.6297373 | X12: =D13 -> 0 | Y12: =E13 -> 0 | Z12: =G13 -> 0 | AA12: =G12 -> 31
J13: 2 | K13: =SLOPE($E$3:$E$27, $D$3:$D$27) * J13 + INTERCEPT($E$3:$E$27, $D$3:$D$27) -> 10.590018 | X13: =D14 -> 0 | Y13: =E14 -> 0.21 | Z13: =G14 -> 0 | AA13: =G13 -> 0
A14: 169 | B14: Truck | C14: 18.48 | E14: 0.21 | F14: =D14*G14/3.6 -> 0 | G14: 0 | X14: =D15 -> 1.2 | Y14: =E15 -> 1.61 | Z14: =G15 -> 33.7 | AA14: =G14 -> 0
A15: 146 | B15: Motorbike | C15: 19.68 | D15: =C15-C14 -> 1.2 | E15: 1.61 | F15: =D15*G15/3.6 -> 11.233333 | G15: 33.7 | J15: Time Mean Speed | X15: =D16 -> 2.8 | Y15: =E16 -> 15.55 | Z15: =G16 -> 23.8 | AA15: =G15 -> 33.7
A16: 166 | B16: Car | C16: 22.48 | D16: =C16-C15 -> 2.8 | E16: 15.55 | F16: =D16*G16/3.6 -> 18.511111 | G16: 23.8 | J16: Car | K16: =AVERAGEIFS($G$3:$G$30, $B$3:$B$30, J16, $G$3:$G$30, "<>0") -> 22.161538 | X16: =D17 -> 1.44 | Y16: =E17 -> 11.96 | Z16: =G17 -> 29.4 | AA16: =G16 -> 23.8
A17: 162 | B17: Car | C17: 23.92 | D17: =C17-C16 -> 1.44 | E17: 11.96 | F17: =D17*G17/3.6 -> 11.76 | G17: 29.4 | J17: Motorbike | K17: =AVERAGEIFS($G$3:$G$30, $B$3:$B$30, J17, $G$3:$G$30, "<>0") -> 28.033333 | X17: =D18 -> 2.28 | Y17: =E18 -> 13.82 | Z17: =G18 -> 27.5 | AA17: =G17 -> 29.4
A18: 211 | B18: Car | C18: 26.2 | D18: =C18-C17 -> 2.28 | E18: 13.82 | F18: =D18*G18/3.6 -> 17.416667 | G18: 27.5 | J18: CNG | K18: =AVERAGEIFS($G$3:$G$30, $B$3:$B$30, J18, $G$3:$G$30, "<>0") -> 19 | X18: =D19 -> 0 | Y18: =E19 -> 0 | Z18: =G19 -> 0 | AA18: =G18 -> 27.5
X19: =D20 -> 0 | Y19: =E20 -> 0.61 | Z19: =G20 -> 33.1 | AA19: =G19 -> 0
A20: 160 | B20: Car | C20: 30 | E20: 0.61 | F20: =D20*G20/3.6 -> 0 | G20: 33.1 | X20: =D21 -> 2.8 | Y20: =E21 -> 6.71 | Z20: =G21 -> 14.9 | AA20: =G20 -> 33.1
A21: 237 | B21: Car | C21: 32.8 | D21: =C21-C20 -> 2.8 | E21: 6.71 | F21: =D21*G21/3.6 -> 11.588889 | G21: 14.9 | X21: =D22 -> 2 | Y21: =E22 -> 11.4 | Z21: =G22 -> 15.3 | AA21: =G21 -> 14.9
A22: 259 | B22: Car | C22: 34.8 | D22: =C22-C21 -> 2 | E22: 11.4 | F22: =D22*G22/3.6 -> 8.5 | G22: 15.3 | X22: =D23 -> 0 | Y22: =E23 -> 0 | Z22: =G23 -> 0 | AA22: =G22 -> 15.3
X23: =D24 -> 0 | Y23: =E24 -> 0 | Z23: =G24 -> 0 | AA23: =G23 -> 0
X24: =D25 -> 0 | Y24: =E25 -> 0 | Z24: =G25 -> 0 | AA24: =G24 -> 0
X25: =D26 -> 0 | Y25: =E26 -> 0 | Z25: =G26 -> 0 | AA25: =G25 -> 0
X26: =D27 -> 0 | Y26: =E27 -> 0 | Z26: =G27 -> 0 | AA26: =G26 -> 0
X27: =D28 -> 0 | Y27: =E28 -> 0 | Z27: =G28 -> 0 | AA27: =G27 -> 0
AB31: Normalizing Gap by speed | AD31: Gap
Y32: Gap/V | Z32: Headway | AB32: Headway | AC32: Gap/V | AD32: 15 | AE32: 18 | AF32: 20 | AG32: 25
A33: Lane 3 | J33: Headway | K33: Gap (m) | Y33: 0 | Z33: 0 | AB33: 0 | AC33: 0 | AD33: 0 | AE33: 0 | AF33: 0 | AG33: 0
A34: L3_ID | B34: L3_Cls | C34: L3_Time | D34: Headway | E34: L3_Gap | F34: Gap (Calc) | G34: L3_Speed | J34: 0 | K34: 0 | Y34: =E4/G4 -> 0.87120419 | Z34: 0.4 | AB34: 0.2 | AC34: =SLOPE($Y$33:$Y$57, $Z$33:$Z$57) * AB34 + INTERCEPT($Y$33:$Y$57, $Z$33:$Z$57) -> #DIV/0! | AD34: =$AD$32*AC34 -> #DIV/0! | AE34: =$AE$32*AC34 -> #DIV/0! | AF34: =$AF$32*AC34 -> #DIV/0! | AG34: =$AG$32*AC34 -> #DIV/0!
A35: 5 | B35: Motorbike | C35: 2.32 | D35: 0 | E35: 0 | F35: 0 | G35: 19.4 | J35: 0.2 | K35: =SLOPE($E$35:$E$69, $D$35:$D$69) * J35 + INTERCEPT($E$35:$E$69, $D$35:$D$69) -> 1.7799078 | Y35: =E5/G5 -> 0.11283784 | Z35: 1.04 | AB35: 0.4 | AC35: =SLOPE($Y$33:$Y$57, $Z$33:$Z$57) * AB35 + INTERCEPT($Y$33:$Y$57, $Z$33:$Z$57) -> #DIV/0! | AD35: =$AD$32*AC35 -> #DIV/0! | AE35: =$AE$32*AC35 -> #DIV/0! | AF35: =$AF$32*AC35 -> #DIV/0! | AG35: =$AG$32*AC35 -> #DIV/0!
A36: 11 | B36: Motorbike | C36: 3.48 | D36: =C36-C35 -> 1.16 | E36: 6.46 | F36: =D36*G36/3.6 -> 7.7655557 | G36: 24.1 | J36: 0.4 | K36: =SLOPE($E$35:$E$69, $D$35:$D$69) * J36 + INTERCEPT($E$35:$E$69, $D$35:$D$69) -> 2.7620645 | Y36: =E6/G6 -> 0.62821782 | Z36: 1.16 | AB36: 0.6 | AC36: =SLOPE($Y$33:$Y$57, $Z$33:$Z$57) * AB36 + INTERCEPT($Y$33:$Y$57, $Z$33:$Z$57) -> #DIV/0! | AD36: =$AD$32*AC36 -> #DIV/0! | AE36: =$AE$32*AC36 -> #DIV/0! | AF36: =$AF$32*AC36 -> #DIV/0! | AG36: =$AG$32*AC36 -> #DIV/0!
A37: 17 | B37: Motorbike | C37: 5.52 | D37: =C37-C36 -> 2.04 | E37: 12.07 | F37: =D37*G37/3.6 -> 19.776668 | G37: 34.900002 | J37: 0.6 | K37: =SLOPE($E$35:$E$69, $D$35:$D$69) * J37 + INTERCEPT($E$35:$E$69, $D$35:$D$69) -> 3.7442211 | Y37: =E7/G7 -> 0.19020619 | Z37: 1.24 | AB37: 0.8 | AC37: =SLOPE($Y$33:$Y$57, $Z$33:$Z$57) * AB37 + INTERCEPT($Y$33:$Y$57, $Z$33:$Z$57) -> #DIV/0! | AD37: =$AD$32*AC37 -> #DIV/0! | AE37: =$AE$32*AC37 -> #DIV/0! | AF37: =$AF$32*AC37 -> #DIV/0! | AG37: =$AG$32*AC37 -> #DIV/0!
A38: 34 | B38: Motorbike | C38: 6.48 | D38: =C38-C37 -> 0.96 | E38: 6.5900002 | F38: =D38*G38/3.6 -> 6.3466665 | G38: 23.799999 | J38: 0.8 | K38: =SLOPE($E$35:$E$69, $D$35:$D$69) * J38 + INTERCEPT($E$35:$E$69, $D$35:$D$69) -> 4.7263777 | Y38: =E8/G8 -> 0.5368932 | Z38: 2.16 | AB38: 1 | AC38: =SLOPE($Y$33:$Y$57, $Z$33:$Z$57) * AB38 + INTERCEPT($Y$33:$Y$57, $Z$33:$Z$57) -> #DIV/0! | AD38: =$AD$32*AC38 -> #DIV/0! | AE38: =$AE$32*AC38 -> #DIV/0! | AF38: =$AF$32*AC38 -> #DIV/0! | AG38: =$AG$32*AC38 -> #DIV/0!
A39: 3 | B39: Car | C39: 7 | D39: =C39-C38 -> 0.52 | E39: 0.17 | F39: =D39*G39/3.6 -> 1.9211111 | G39: 13.3 | J39: 1 | K39: =SLOPE($E$35:$E$69, $D$35:$D$69) * J39 + INTERCEPT($E$35:$E$69, $D$35:$D$69) -> 5.7085344 | Y39: =E9/G9 -> 0.37828054 | Z39: 2.64 | AB39: 1.2 | AC39: =SLOPE($Y$33:$Y$57, $Z$33:$Z$57) * AB39 + INTERCEPT($Y$33:$Y$57, $Z$33:$Z$57) -> #DIV/0! | AD39: =$AD$32*AC39 -> #DIV/0! | AE39: =$AE$32*AC39 -> #DIV/0! | AF39: =$AF$32*AC39 -> #DIV/0! | AG39: =$AG$32*AC39 -> #DIV/0!
A40: 10 | B40: Car | C40: 8.48 | D40: =C40-C39 -> 1.48 | E40: 7.6799998 | F40: =D40*G40/3.6 -> 4.3166667 | G40: 10.5 | J40: 1.2 | K40: =SLOPE($E$35:$E$69, $D$35:$D$69) * J40 + INTERCEPT($E$35:$E$69, $D$35:$D$69) -> 6.690691 | Y40: =E10/G10 -> 0.64157895 | Z40: 2.2 | AB40: 1.4 | AC40: =SLOPE($Y$33:$Y$57, $Z$33:$Z$57) * AB40 + INTERCEPT($Y$33:$Y$57, $Z$33:$Z$57) -> #DIV/0! | AD40: =$AD$32*AC40 -> #DIV/0! | AE40: =$AE$32*AC40 -> #DIV/0! | AF40: =$AF$32*AC40 -> #DIV/0! | AG40: =$AG$32*AC40 -> #DIV/0!
A41: 4 | B41: CNG | C41: 8.6 | D41: =C41-C40 -> 0.12 | E41: 0.56999999 | F41: =D41*G41/3.6 -> 0.60666669 | G41: 18.200001 | J41: 1.4 | K41: =SLOPE($E$35:$E$69, $D$35:$D$69) * J41 + INTERCEPT($E$35:$E$69, $D$35:$D$69) -> 7.6728477 | Y41: =E11/G11 -> 0.062934363 | Z41: 2.68 | AB41: 1.6 | AC41: =SLOPE($Y$33:$Y$57, $Z$33:$Z$57) * AB41 + INTERCEPT($Y$33:$Y$57, $Z$33:$Z$57) -> #DIV/0! | AD41: =$AD$32*AC41 -> #DIV/0! | AE41: =$AE$32*AC41 -> #DIV/0! | AF41: =$AF$32*AC41 -> #DIV/0! | AG41: =$AG$32*AC41 -> #DIV/0!
A42: 66 | B42: Motorbike | C42: 9.92 | D42: =C42-C41 -> 1.32 | E42: 6.5500002 | F42: =D42*G42/3.6 -> 0 | G42: 0 | J42: 1.6 | K42: =SLOPE($E$35:$E$69, $D$35:$D$69) * J42 + INTERCEPT($E$35:$E$69, $D$35:$D$69) -> 8.6550043 | Y42: =E12/G12 -> 0.61129032 | Z42: 1.48 | AB42: 1.8 | AC42: =SLOPE($Y$33:$Y$57, $Z$33:$Z$57) * AB42 + INTERCEPT($Y$33:$Y$57, $Z$33:$Z$57) -> #DIV/0! | AD42: =$AD$32*AC42 -> #DIV/0! | AE42: =$AE$32*AC42 -> #DIV/0! | AF42: =$AF$32*AC42 -> #DIV/0! | AG42: =$AG$32*AC42 -> #DIV/0!
A43: 48 | B43: Motorbike | C43: 10 | D43: =C43-C42 -> 0.08 | E43: 0.28999999 | F43: =D43*G43/3.6 -> 0.44444444 | G43: 20 | J43: 1.8 | K43: =SLOPE($E$35:$E$69, $D$35:$D$69) * J43 + INTERCEPT($E$35:$E$69, $D$35:$D$69) -> 9.6371609 | Y43: =E13/G13 -> #DIV/0! | Z43: 1.64 | AB43: 2 | AC43: =SLOPE($Y$33:$Y$57, $Z$33:$Z$57) * AB43 + INTERCEPT($Y$33:$Y$57, $Z$33:$Z$57) -> #DIV/0! | AD43: =$AD$32*AC43 -> #DIV/0! | AE43: =$AE$32*AC43 -> #DIV/0! | AF43: =$AF$32*AC43 -> #DIV/0! | AG43: =$AG$32*AC43 -> #DIV/0!
A44: 44 | B44: CNG | C44: 10.48 | D44: =C44-C43 -> 0.48 | E44: 2.1099999 | F44: =D44*G44/3.6 -> 1.9066667 | G44: 14.3 | J44: 2 | K44: =SLOPE($E$35:$E$69, $D$35:$D$69) * J44 + INTERCEPT($E$35:$E$69, $D$35:$D$69) -> 10.619318 | Y44: =E14/G14 -> #DIV/0! | Z44: 1.68
A45: 64 | B45: Motorbike | C45: 11.12 | D45: =C45-C44 -> 0.64 | E45: 3.25 | F45: =D45*G45/3.6 -> 3.4488888 | G45: 19.4 | Y45: =E15/G15 -> 0.047774481 | Z45: 1.68
A46: 31 | B46: Motorbike | C46: 11.68 | D46: =C46-C45 -> 0.56 | E46: 5.0500002 | F46: =D46*G46/3.6 -> 2.4422222 | G46: 15.7 | J46: Time Mean Speed | Y46: =E16/G16 -> 0.65336134 | Z46: 1
A47: 58 | B47: Motorbike | C47: 12.12 | D47: =C47-C46 -> 0.44 | E47: 1.86 | F47: =D47*G47/3.6 -> 2.6033332 | G47: 21.299999 | J47: Car | K47: =AVERAGEIFS($G$35:$G$80, $B$35:$B$80, J47, $G$35:$G$80, "<>0") -> 14.433333 | Y47: =E17/G17 -> 0.40680272 | Z47: 3.44
A48: 89 | B48: Motorbike | C48: 13.28 | D48: =C48-C47 -> 1.16 | E48: 6.6500001 | F48: =D48*G48/3.6 -> 7.25 | G48: 22.5 | J48: Motorbike | K48: =AVERAGEIFS($G$35:$G$80, $B$35:$B$80, J48, $G$35:$G$80, "<>0") -> 23.95 | Y48: =E18/G18 -> 0.50254545 | Z48: 1.2
A49: 112 | B49: Motorbike | C49: 13.72 | D49: =C49-C48 -> 0.44 | E49: 1.59 | F49: =D49*G49/3.6 -> 0 | G49: 0 | J49: CNG | K49: =AVERAGEIFS($G$35:$G$80, $B$35:$B$80, J49, $G$35:$G$80, "<>0") -> 19.616667 | Y49: =E19/G19 -> #DIV/0! | Z49: 2.68
A50: 82 | B50: Motorbike | C50: 14.32 | D50: =C50-C49 -> 0.6 | E50: 4.98 | F50: =D50*G50/3.6 -> 1.4833333 | G50: 8.8999996 | Y50: =E20/G20 -> 0.018429003 | Z50: 1.6
A51: 65 | B51: CNG | C51: 14.52 | D51: =C51-C50 -> 0.2 | E51: -0.92000002 | F51: =D51*G51/3.6 -> 1 | G51: 18 | Y51: =E21/G21 -> 0.45033557 | Z51: 1.6
A52: 105 | B52: CNG | C52: 15.92 | D52: =C52-C51 -> 1.4 | E52: 8.0900002 | F52: =D52*G52/3.6 -> 8.8277781 | G52: 22.700001 | Y52: =E22/G22 -> 0.74509804 | Z52: 1.2
A53: 131 | B53: Motorbike | C53: 16.68 | D53: =C53-C52 -> 0.76 | E53: 6.46 | F53: =D53*G53/3.6 -> 5.0033335 | G53: 23.700001 | Y53: =E23/G23 -> #DIV/0! | Z53: 0.8
A54: 115 | B54: CNG | C54: 16.8 | D54: =C54-C53 -> 0.12 | E54: -1.98 | F54: =D54*G54/3.6 -> 0.72333336 | G54: 21.700001 | Y54: =E24/G24 -> #DIV/0! | Z54: 1.48
A55: 137 | B55: Motorbike | C55: 17.88 | D55: =C55-C54 -> 1.08 | E55: 5.9000001 | F55: =D55*G55/3.6 -> 6.15 | G55: 20.5 | Y55: =E25/G25 -> #DIV/0! | Z55: 0.8
A56: 139 | B56: Motorbike | C56: 18.2 | D56: =C56-C55 -> 0.32 | E56: 2.4300001 | F56: =D56*G56/3.6 -> 1.9111111 | G56: 21.5 | Y56: =E26/G26 -> #DIV/0! | Z56: 6
A57: 117 | B57: Motorbike | C57: 18.88 | D57: =C57-C56 -> 0.68 | E57: 4.02 | F57: =D57*G57/3.6 -> 4.7222222 | G57: 25
A58: 146 | B58: Motorbike | C58: 19.88 | D58: =C58-C57 -> 1 | E58: 5.52 | F58: =D58*G58/3.6 -> 8.1388887 | G58: 29.299999
A59: 191 | B59: Motorbike | C59: 20.68 | D59: =C59-C58 -> 0.8 | E59: 6.9099998 | F59: =D59*G59/3.6 -> 0 | G59: 0
A60: 183 | B60: Motorbike | C60: 21.8 | D60: =C60-C59 -> 1.12 | E60: 7.8099999 | F60: =D60*G60/3.6 -> 10.546667 | G60: 33.900002
A61: 122 | B61: Motorbike | C61: 23.4 | D61: =C61-C60 -> 1.6 | E61: 15.13 | F61: =D61*G61/3.6 -> 7.6888885 | G61: 17.299999
A62: 208 | B62: Motorbike | C62: 25.08 | D62: =C62-C61 -> 1.68 | E62: 8.7399998 | F62: =D62*G62/3.6 -> 14 | G62: 30
A63: 225 | B63: Motorbike | C63: 25.08 | D63: =C63-C62 -> 0 | E63: 1.21 | F63: =D63*G63/3.6 -> 0 | G63: 31.9
A64: 221 | B64: Motorbike | C64: 26 | D64: =C64-C63 -> 0.92 | E64: 7.98 | F64: =D64*G64/3.6 -> 6.3122224 | G64: 24.700001
A65: 214 | B65: Bicycle | C65: 27.88 | D65: =C65-C64 -> 1.88 | E65: 12.55 | F65: =D65*G65/3.6 -> 8.6688891 | G65: 16.6
A66: 238 | B66: Motorbike | C66: 30.28 | D66: =C66-C65 -> 2.4 | E66: 9.0299997 | F66: =D66*G66/3.6 -> 20.533333 | G66: 30.799999
A67: 248 | B67: Motorbike | C67: 31.4 | D67: =C67-C66 -> 1.12 | E67: 8.7299995 | F67: =D67*G67/3.6 -> 8.8044442 | G67: 28.299999
A68: 236 | B68: CNG | C68: 32.08 | D68: =C68-C67 -> 0.68 | E68: 4.4400001 | F68: =D68*G68/3.6 -> 4.3066665 | G68: 22.799999
A69: 235 | B69: Car | C69: 35.4 | D69: =C69-C68 -> 3.32 | E69: 12.45 | F69: =D69*G69/3.6 -> 17.983333 | G69: 19.5

Sheet 9.03
A1: Lane 2 | X1: Headway | Z1: Speed | AB1: Vehicle Type
A2: L2_ID | B2: L2_Cls | C2: L2_Time | D2: Headway | E2: L2_Gap | F2: Gap (Calc) | G2: L2_Speed | J2: Headway | K2: Gap (m) | X2: Time | Y2: Gap | Z2: Leader | AA2: Follower | AB2: Leader | AC2: Follower
A3: 4 | B3: Car | C3: 0.88 | D3: 0 | E3: 0 | F3: 0 | G3: 26 | J3: 0 | K3: 0 | X3: =D4 -> 1.2 | Y3: =E4 -> 9.06 | Z3: =G4 -> 33.9 | AA3: =G3 -> 26 | AB3: Car | AC3: Car
A4: 16 | B4: Motorbike | C4: 2.08 | D4: =C4-C3 -> 1.2 | E4: 9.06 | F4: =D4*G4/3.6 -> 11.3 | G4: 33.9 | J4: 0.2 | K4: =SLOPE($E$3:$E$27, $D$3:$D$27) * J4 + INTERCEPT($E$3:$E$27, $D$3:$D$27) -> 2.8864969 | X4: =D5 -> 2.2 | Y4: =E5 -> 13.35 | Z4: =G5 -> 20.3 | AA4: =G4 -> 33.9 | AB4: Car | AC4: Car
A5: 8 | B5: Car | C5: 4.28 | D5: =C5-C4 -> 2.2 | E5: 13.35 | F5: =D5*G5/3.6 -> 12.405556 | G5: 20.3 | J5: 0.4 | K5: =SLOPE($E$3:$E$27, $D$3:$D$27) * J5 + INTERCEPT($E$3:$E$27, $D$3:$D$27) -> 3.6642751 | X5: =D6 -> 1.04 | Y5: =E6 -> 9.04 | Z5: =G6 -> 19.8 | AA5: =G5 -> 20.3 | AB5: Car | AC5: Car
A6: 26 | B6: Car | C6: 5.32 | D6: =C6-C5 -> 1.04 | E6: 9.04 | F6: =D6*G6/3.6 -> 5.72 | G6: 19.8 | J6: 0.6 | K6: =SLOPE($E$3:$E$27, $D$3:$D$27) * J6 + INTERCEPT($E$3:$E$27, $D$3:$D$27) -> 4.4420532 | X6: =D7 -> 0.68 | Y6: =E7 -> 1.89 | Z6: =G7 -> 21.7 | AA6: =G6 -> 19.8
A7: 19 | B7: Car | C7: 6 | D7: =C7-C6 -> 0.68 | E7: 1.89 | F7: =D7*G7/3.6 -> 4.0988889 | G7: 21.7 | J7: 0.8 | K7: =SLOPE($E$3:$E$27, $D$3:$D$27) * J7 + INTERCEPT($E$3:$E$27, $D$3:$D$27) -> 5.2198314 | X7: =D8 -> 3.4 | Y7: =E8 -> 16.25 | Z7: =G8 -> 21.4 | AA7: =G7 -> 21.7
A8: 36 | B8: Car | C8: 9.4 | D8: =C8-C7 -> 3.4 | E8: 16.25 | F8: =D8*G8/3.6 -> 20.211111 | G8: 21.4 | J8: 1 | K8: =SLOPE($E$3:$E$27, $D$3:$D$27) * J8 + INTERCEPT($E$3:$E$27, $D$3:$D$27) -> 5.9976095 | X8: =D9 -> 0.88 | Y8: =E9 -> 6.1 | Z8: =G9 -> 21.9 | AA8: =G8 -> 21.4
A9: 44 | B9: Car | C9: 10.28 | D9: =C9-C8 -> 0.88 | E9: 6.1 | F9: =D9*G9/3.6 -> 5.3533333 | G9: 21.9 | J9: 1.2 | K9: =SLOPE($E$3:$E$27, $D$3:$D$27) * J9 + INTERCEPT($E$3:$E$27, $D$3:$D$27) -> 6.7753877 | X9: =D10 -> 4.2 | Y9: =E10 -> 16.38 | Z9: =G10 -> 23.4 | AA9: =G9 -> 21.9
A10: 60 | B10: Car | C10: 14.48 | D10: =C10-C9 -> 4.2 | E10: 16.38 | F10: =D10*G10/3.6 -> 27.3 | G10: 23.4 | J10: 1.4 | K10: =SLOPE($E$3:$E$27, $D$3:$D$27) * J10 + INTERCEPT($E$3:$E$27, $D$3:$D$27) -> 7.5531659 | X10: =D11 -> 5 | Y10: =E11 -> 18.58 | Z10: =G11 -> 18 | AA10: =G10 -> 23.4
A11: 80 | B11: Car | C11: 19.48 | D11: =C11-C10 -> 5 | E11: 18.58 | F11: =D11*G11/3.6 -> 25 | G11: 18 | J11: 1.6 | K11: =SLOPE($E$3:$E$27, $D$3:$D$27) * J11 + INTERCEPT($E$3:$E$27, $D$3:$D$27) -> 8.330944 | X11: =D12 -> 1.92 | Y11: =E12 -> 11.05 | Z11: =G12 -> 17.3 | AA11: =G11 -> 18
A12: 96 | B12: Car | C12: 21.4 | D12: =C12-C11 -> 1.92 | E12: 11.05 | F12: =D12*G12/3.6 -> 9.2266667 | G12: 17.3 | J12: 1.8 | K12: =SLOPE($E$3:$E$27, $D$3:$D$27) * J12 + INTERCEPT($E$3:$E$27, $D$3:$D$27) -> 9.1087222 | X12: =D13 -> 1.12 | Y12: =E13 -> 6.47 | Z12: =G13 -> 22.8 | AA12: =G12 -> 17.3
A13: 86 | B13: Car | C13: 22.52 | D13: =C13-C12 -> 1.12 | E13: 6.47 | F13: =D13*G13/3.6 -> 7.0933333 | G13: 22.8 | J13: 2 | K13: =SLOPE($E$3:$E$27, $D$3:$D$27) * J13 + INTERCEPT($E$3:$E$27, $D$3:$D$27) -> 9.8865003 | X13: =D14 -> 0.6 | Y13: =E14 -> 2.48 | Z13: =G14 -> 20.4 | AA13: =G13 -> 22.8
A14: 109 | B14: Car | C14: 23.12 | D14: =C14-C13 -> 0.6 | E14: 2.48 | F14: =D14*G14/3.6 -> 3.4 | G14: 20.4 | X14: =D15 -> 2.2 | Y14: =E15 -> 12.92 | Z14: =G15 -> 18.1 | AA14: =G14 -> 20.4
A15: 142 | B15: CNG | C15: 25.32 | D15: =C15-C14 -> 2.2 | E15: 12.92 | F15: =D15*G15/3.6 -> 11.061111 | G15: 18.1 | J15: Time Mean Speed | X15: =D16 -> 2 | Y15: =E16 -> 10.04 | Z15: =G16 -> 16.8 | AA15: =G15 -> 18.1
A16: 104 | B16: CNG | C16: 27.32 | D16: =C16-C15 -> 2 | E16: 10.04 | F16: =D16*G16/3.6 -> 9.3333333 | G16: 16.8 | J16: Car | K16: =AVERAGEIFS($G$3:$G$30, $B$3:$B$30, J16, $G$3:$G$30, "<>0") -> 20.8125 | X16: =D17 -> 1.36 | Y16: =E17 -> 6.59 | Z16: =G17 -> 18.1 | AA16: =G16 -> 16.8
A17: 133 | B17: Car | C17: 28.68 | D17: =C17-C16 -> 1.36 | E17: 6.59 | F17: =D17*G17/3.6 -> 6.8377778 | G17: 18.1 | J17: Motorbike | K17: =AVERAGEIFS($G$3:$G$30, $B$3:$B$30, J17, $G$3:$G$30, "<>0") -> 27.5 | X17: =D18 -> 2.24 | Y17: =E18 -> 9.8 | Z17: =G18 -> 18.7 | AA17: =G17 -> 18.1
A18: 192 | B18: Car | C18: 30.92 | D18: =C18-C17 -> 2.24 | E18: 9.8 | F18: =D18*G18/3.6 -> 11.635556 | G18: 18.7 | J18: CNG | K18: =AVERAGEIFS($G$3:$G$30, $B$3:$B$30, J18, $G$3:$G$30, "<>0") -> 17.45 | X18: =D19 -> 3.8 | Y18: =E19 -> 18.58 | Z18: =G19 -> 22.3 | AA18: =G18 -> 18.7
A19: 218 | B19: Car | C19: 34.72 | D19: =C19-C18 -> 3.8 | E19: 18.58 | F19: =D19*G19/3.6 -> 23.538889 | G19: 22.3 | X19: =D20 -> 0.68 | Y19: =E20 -> 3.9 | Z19: =G20 -> 21.1 | AA19: =G19 -> 22.3
A20: 233 | B20: Motorbike | C20: 35.4 | D20: =C20-C19 -> 0.68 | E20: 3.9 | F20: =D20*G20/3.6 -> 3.9855556 | G20: 21.1 | X20: =D21 -> 1.52 | Y20: =E21 -> 8.79 | Z20: =G21 -> 17 | AA20: =G20 -> 21.1
A21: 204 | B21: Car | C21: 36.92 | D21: =C21-C20 -> 1.52 | E21: 8.79 | F21: =D21*G21/3.6 -> 7.1777778 | G21: 17 | X21: =D22 -> 0.36 | Y21: =E22 -> 2.46 | Z21: =G22 -> 23.9 | AA21: =G21 -> 17
A22: 235 | B22: Car | C22: 37.28 | D22: =C22-C21 -> 0.36 | E22: 2.46 | F22: =D22*G22/3.6 -> 2.39 | G22: 23.9 | X22: =D23 -> 0 | Y22: =E23 -> 0 | Z22: =G23 -> 0 | AA22: =G22 -> 23.9
X23: =D24 -> 0 | Y23: =E24 -> 0 | Z23: =G24 -> 0 | AA23: =G23 -> 0
X24: =D25 -> 0 | Y24: =E25 -> 0 | Z24: =G25 -> 0 | AA24: =G24 -> 0
X25: =D26 -> 0 | Y25: =E26 -> 0 | Z25: =G26 -> 0 | AA25: =G25 -> 0
X26: =D27 -> 0 | Y26: =E27 -> 0 | Z26: =G27 -> 0 | AA26: =G26 -> 0
X27: =D28 -> 0 | Y27: =E28 -> 0 | Z27: =G28 -> 0 | AA27: =G27 -> 0
AB31: Normalizing Gap by speed | AD31: Gap
Y32: Gap/V | Z32: Headway | AB32: Headway | AC32: Gap/V | AD32: 15 | AE32: 18 | AF32: 20 | AG32: 25
A33: Lane 3 | J33: Headway | K33: Gap (m) | Y33: 0 | Z33: 0 | AB33: 0 | AC33: 0 | AD33: 0 | AE33: 0 | AF33: 0 | AG33: 0
A34: L3_ID | B34: L3_Cls | C34: L3_Time | D34: Headway | E34: L3_Gap | F34: Gap (Calc) | G34: L3_Speed | J34: 0 | K34: 0 | Y34: =E4/G4 -> 0.26725664 | Z34: 0.4 | AB34: 0.2 | AC34: =SLOPE($Y$33:$Y$57, $Z$33:$Z$57) * AB34 + INTERCEPT($Y$33:$Y$57, $Z$33:$Z$57) -> #DIV/0! | AD34: =$AD$32*AC34 -> #DIV/0! | AE34: =$AE$32*AC34 -> #DIV/0! | AF34: =$AF$32*AC34 -> #DIV/0! | AG34: =$AG$32*AC34 -> #DIV/0!
A35: 5 | B35: Motorbike | C35: 0.88 | D35: 0 | E35: 0 | F35: 0 | G35: 17.4 | J35: 0.2 | K35: =SLOPE($E$35:$E$58, $D$35:$D$58) * J35 + INTERCEPT($E$35:$E$58, $D$35:$D$58) -> 0.74516441 | Y35: =E5/G5 -> 0.65763547 | Z35: 1.04 | AB35: 0.4 | AC35: =SLOPE($Y$33:$Y$57, $Z$33:$Z$57) * AB35 + INTERCEPT($Y$33:$Y$57, $Z$33:$Z$57) -> #DIV/0! | AD35: =$AD$32*AC35 -> #DIV/0! | AE35: =$AE$32*AC35 -> #DIV/0! | AF35: =$AF$32*AC35 -> #DIV/0! | AG35: =$AG$32*AC35 -> #DIV/0!
A36: 6 | B36: Motorbike | C36: 1.88 | D36: =C36-C35 -> 1 | E36: 5.4499998 | F36: =D36*G36/3.6 -> 1.9444444 | G36: 7 | J36: 0.4 | K36: =SLOPE($E$35:$E$58, $D$35:$D$58) * J36 + INTERCEPT($E$35:$E$58, $D$35:$D$58) -> 1.9910816 | Y36: =E6/G6 -> 0.45656566 | Z36: 1.16 | AB36: 0.6 | AC36: =SLOPE($Y$33:$Y$57, $Z$33:$Z$57) * AB36 + INTERCEPT($Y$33:$Y$57, $Z$33:$Z$57) -> #DIV/0! | AD36: =$AD$32*AC36 -> #DIV/0! | AE36: =$AE$32*AC36 -> #DIV/0! | AF36: =$AF$32*AC36 -> #DIV/0! | AG36: =$AG$32*AC36 -> #DIV/0!
A37: 12 | B37: Motorbike | C37: 2 | D37: =C37-C36 -> 0.12 | E37: -1.59 | F37: =D37*G37/3.6 -> 0.72666664 | G37: 21.799999 | J37: 0.6 | K37: =SLOPE($E$35:$E$58, $D$35:$D$58) * J37 + INTERCEPT($E$35:$E$58, $D$35:$D$58) -> 3.2369987 | Y37: =E7/G7 -> 0.087096774 | Z37: 1.24 | AB37: 0.8 | AC37: =SLOPE($Y$33:$Y$57, $Z$33:$Z$57) * AB37 + INTERCEPT($Y$33:$Y$57, $Z$33:$Z$57) -> #DIV/0! | AD37: =$AD$32*AC37 -> #DIV/0! | AE37: =$AE$32*AC37 -> #DIV/0! | AF37: =$AF$32*AC37 -> #DIV/0! | AG37: =$AG$32*AC37 -> #DIV/0!
A38: 16 | B38: Motorbike | C38: 2.28 | D38: =C38-C37 -> 0.28 | E38: -0.14 | F38: =D38*G38/3.6 -> 2.1777778 | G38: 28 | J38: 0.8 | K38: =SLOPE($E$35:$E$58, $D$35:$D$58) * J38 + INTERCEPT($E$35:$E$58, $D$35:$D$58) -> 4.4829159 | Y38: =E8/G8 -> 0.75934579 | Z38: 2.16 | AB38: 1 | AC38: =SLOPE($Y$33:$Y$57, $Z$33:$Z$57) * AB38 + INTERCEPT($Y$33:$Y$57, $Z$33:$Z$57) -> #DIV/0! | AD38: =$AD$32*AC38 -> #DIV/0! | AE38: =$AE$32*AC38 -> #DIV/0! | AF38: =$AF$32*AC38 -> #DIV/0! | AG38: =$AG$32*AC38 -> #DIV/0!
F39: =D39*G39/3.6 -> 0 | J39: 1 | K39: =SLOPE($E$35:$E$58, $D$35:$D$58) * J39 + INTERCEPT($E$35:$E$58, $D$35:$D$58) -> 5.728833 | Y39: =E9/G9 -> 0.27853881 | Z39: 2.64 | AB39: 1.2 | AC39: =SLOPE($Y$33:$Y$57, $Z$33:$Z$57) * AB39 + INTERCEPT($Y$33:$Y$57, $Z$33:$Z$57) -> #DIV/0! | AD39: =$AD$32*AC39 -> #DIV/0! | AE39: =$AE$32*AC39 -> #DIV/0! | AF39: =$AF$32*AC39 -> #DIV/0! | AG39: =$AG$32*AC39 -> #DIV/0!
A40: 14 | B40: Motorbike | C40: 2.8 | E40: 3.1700001 | F40: =D40*G40/3.6 -> 0 | G40: 23.700001 | J40: 1.2 | K40: =SLOPE($E$35:$E$58, $D$35:$D$58) * J40 + INTERCEPT($E$35:$E$58, $D$35:$D$58) -> 6.9747502 | Y40: =E10/G10 -> 0.7 | Z40: 2.2 | AB40: 1.4 | AC40: =SLOPE($Y$33:$Y$57, $Z$33:$Z$57) * AB40 + INTERCEPT($Y$33:$Y$57, $Z$33:$Z$57) -> #DIV/0! | AD40: =$AD$32*AC40 -> #DIV/0! | AE40: =$AE$32*AC40 -> #DIV/0! | AF40: =$AF$32*AC40 -> #DIV/0! | AG40: =$AG$32*AC40 -> #DIV/0!
A41: 17 | B41: Motorbike | C41: 3 | D41: =C41-C40 -> 0.2 | E41: 1.77 | F41: =D41*G41/3.6 -> 1.1944444 | G41: 21.5 | J41: 1.4 | K41: =SLOPE($E$35:$E$58, $D$35:$D$58) * J41 + INTERCEPT($E$35:$E$58, $D$35:$D$58) -> 8.2206673 | Y41: =E11/G11 -> 1.0322222 | Z41: 2.68 | AB41: 1.6 | AC41: =SLOPE($Y$33:$Y$57, $Z$33:$Z$57) * AB41 + INTERCEPT($Y$33:$Y$57, $Z$33:$Z$57) -> #DIV/0! | AD41: =$AD$32*AC41 -> #DIV/0! | AE41: =$AE$32*AC41 -> #DIV/0! | AF41: =$AF$32*AC41 -> #DIV/0! | AG41: =$AG$32*AC41 -> #DIV/0!
A42: 33 | B42: Motorbike | C42: 3.48 | D42: =C42-C41 -> 0.48 | E42: 3.1900001 | F42: =D42*G42/3.6 -> 2.9733332 | G42: 22.299999 | J42: 1.6 | K42: =SLOPE($E$35:$E$58, $D$35:$D$58) * J42 + INTERCEPT($E$35:$E$58, $D$35:$D$58) -> 9.4665845 | Y42: =E12/G12 -> 0.63872832 | Z42: 1.48 | AB42: 1.8 | AC42: =SLOPE($Y$33:$Y$57, $Z$33:$Z$57) * AB42 + INTERCEPT($Y$33:$Y$57, $Z$33:$Z$57) -> #DIV/0! | AD42: =$AD$32*AC42 -> #DIV/0! | AE42: =$AE$32*AC42 -> #DIV/0! | AF42: =$AF$32*AC42 -> #DIV/0! | AG42: =$AG$32*AC42 -> #DIV/0!
A43: 27 | B43: Motorbike | C43: 4.48 | D43: =C43-C42 -> 1 | E43: 7.21 | F43: =D43*G43/3.6 -> 5.7777776 | G43: 20.799999 | J43: 1.8 | K43: =SLOPE($E$35:$E$58, $D$35:$D$58) * J43 + INTERCEPT($E$35:$E$58, $D$35:$D$58) -> 10.712502 | Y43: =E13/G13 -> 0.28377193 | Z43: 1.64 | AB43: 2 | AC43: =SLOPE($Y$33:$Y$57, $Z$33:$Z$57) * AB43 + INTERCEPT($Y$33:$Y$57, $Z$33:$Z$57) -> #DIV/0! | AD43: =$AD$32*AC43 -> #DIV/0! | AE43: =$AE$32*AC43 -> #DIV/0! | AF43: =$AF$32*AC43 -> #DIV/0! | AG43: =$AG$32*AC43 -> #DIV/0!
F44: =D44*G44/3.6 -> 0 | J44: 2 | K44: =SLOPE($E$35:$E$58, $D$35:$D$58) * J44 + INTERCEPT($E$35:$E$58, $D$35:$D$58) -> 11.958419 | Y44: =E14/G14 -> 0.12156863 | Z44: 1.68
A45: 46 | B45: CNG | C45: 6.48 | E45: -0.94999999 | F45: =D45*G45/3.6 -> 0 | G45: 17.799999 | Y45: =E15/G15 -> 0.71381215 | Z45: 1.68
A46: 37 | B46: CNG | C46: 7.32 | D46: =C46-C45 -> 0.84 | E46: 2.99 | F46: =D46*G46/3.6 -> 6.5800002 | G46: 28.200001 | J46: Time Mean Speed | Y46: =E16/G16 -> 0.59761905 | Z46: 1
A47: 63 | B47: Motorbike | C47: 10.12 | D47: =C47-C46 -> 2.8 | E47: 16.309999 | F47: =D47*G47/3.6 -> 21 | G47: 27 | J47: Car | K47: =AVERAGEIFS($G$35:$G$80, $B$35:$B$80, J47, $G$35:$G$80, "<>0") -> 21.457143 | Y47: =E17/G17 -> 0.3640884 | Z47: 3.44
A48: 52 | B48: Car | C48: 11.32 | D48: =C48-C47 -> 1.2 | E48: 8.6999998 | F48: =D48*G48/3.6 -> 8.7666664 | G48: 26.299999 | J48: Motorbike | K48: =AVERAGEIFS($G$35:$G$80, $B$35:$B$80, J48, $G$35:$G$80, "<>0") -> 22.286363 | Y48: =E18/G18 -> 0.52406417 | Z48: 1.2
A49: 77 | B49: Motorbike | C49: 12.48 | D49: =C49-C48 -> 1.16 | E49: 8.9499998 | F49: =D49*G49/3.6 -> 12.083333 | G49: 37.5 | J49: CNG | K49: =AVERAGEIFS($G$35:$G$80, $B$35:$B$80, J49, $G$35:$G$80, "<>0") -> 21.175 | Y49: =E19/G19 -> 0.83318386 | Z49: 2.68
A50: 70 | B50: Car | C50: 13.88 | D50: =C50-C49 -> 1.4 | E50: 9.8900003 | F50: =D50*G50/3.6 -> 10.694444 | G50: 27.5 | Y50: =E20/G20 -> 0.18483412 | Z50: 1.6
A51: 73 | B51: CNG | C51: 15.68 | D51: =C51-C50 -> 1.8 | E51: 14.79 | F51: =D51*G51/3.6 -> 10.8 | G51: 21.6 | Y51: =E21/G21 -> 0.51705882 | Z51: 1.6
A52: 111 | B52: Motorbike | C52: 16.6 | D52: =C52-C51 -> 0.92 | E52: 6.0700002 | F52: =D52*G52/3.6 -> 6.1333333 | G52: 24 | Y52: =E22/G22 -> 0.10292887 | Z52: 1.2
A53: 126 | B53: Bicycle | C53: 18.8 | D53: =C53-C52 -> 2.2 | E53: 12.55 | F53: =D53*G53/3.6 -> 4.3388888 | G53: 7.0999999 | Y53: =E23/G23 -> #DIV/0! | Z53: 0.8
A54: 89 | B54: Car | C54: 19.92 | D54: =C54-C53 -> 1.12 | E54: 1.99 | F54: =D54*G54/3.6 -> 5.0711109 | G54: 16.299999 | Y54: =E24/G24 -> #DIV/0! | Z54: 1.48
A55: 141 | B55: CNG | C55: 22.08 | D55: =C55-C54 -> 2.16 | E55: 10.72 | F55: =D55*G55/3.6 -> 10.26 | G55: 17.1 | Y55: =E25/G25 -> #DIV/0! | Z55: 0.8
A56: 112 | B56: Car | C56: 23.8 | D56: =C56-C55 -> 1.72 | E56: 9.2200003 | F56: =D56*G56/3.6 -> 9.2688887 | G56: 19.4 | Y56: =E26/G26 -> #DIV/0! | Z56: 6
F57: =D57*G57/3.6 -> 0
A58: 156 | B58: Motorbike | C58: 24.72 | E58: 5.5 | F58: =D58*G58/3.6 -> 0 | G58: 17.299999
A59: 144 | B59: Motorbike | C59: 25.32 | D59: =C59-C58 -> 0.6 | E59: 4.8099999 | F59: =D59*G59/3.6 -> 3.2000001 | G59: 19.200001
F60: =D60*G60/3.6 -> 0
A61: 150 | B61: Motorbike | C61: 26.68 | E61: 1.42 | F61: =D61*G61/3.6 -> 0 | G61: 20.799999
A62: 134 | B62: Motorbike | C62: 26.8 | D62: =C62-C61 -> 0.12 | E62: 0.46000001 | F62: =D62*G62/3.6 -> 0.54666665 | G62: 16.4
A63: 180 | B63: Car | C63: 27.08 | D63: =C63-C62 -> 0.28 | E63: -0.18000001 | F63: =D63*G63/3.6 -> 1.8044445 | G63: 23.200001
F64: =D64*G64/3.6 -> 0
A65: 164 | B65: Car | C65: 29.6 | E65: 0.86000001 | F65: =D65*G65/3.6 -> 0 | G65: 20.200001
A66: 191 | B66: Car | C66: 32.08 | D66: =C66-C65 -> 2.48 | E66: 10.44 | F66: =D66*G66/3.6 -> 11.917777 | G66: 17.299999
A67: 210 | B67: Motorbike | C67: 34.08 | D67: =C67-C66 -> 2 | E67: 11.95 | F67: =D67*G67/3.6 -> 13.611111 | G67: 24.5
A68: 249 | B68: Motorbike | C68: 35.12 | D68: =C68-C67 -> 1.04 | E68: 9.3800001 | F68: =D68*G68/3.6 -> 9.5622218 | G68: 33.099998
A69: 243 | B69: Motorbike | C69: 35.52 | D69: =C69-C68 -> 0.4 | E69: 1.51 | F69: =D69*G69/3.6 -> 2.2222222 | G69: 20
A70: 233 | B70: Motorbike | C70: 35.6 | D70: =C70-C69 -> 0.08 | E70: -2.0899999 | F70: =D70*G70/3.6 -> 0.49777777 | G70: 22.4
A71: 269 | B71: Motorbike | C71: 36.08 | D71: =C71-C70 -> 0.48 | E71: 5.4000001 | F71: =D71*G71/3.6 -> 0 | G71: 0
A72: 245 | B72: Motorbike | C72: 36.28 | D72: =C72-C71 -> 0.2 | E72: -2.1600001 | F72: =D72*G72/3.6 -> 1.3555555 | G72: 24.4
A73: 270 | B73: Motorbike | C73: 38.8 | D73: =C73-C72 -> 2.52 | E73: 16.59 | F73: =D73*G73/3.6 -> 16.659999 | G73: 23.799999
A74: 276 | B74: Motorbike | C74: 40.28 | D74: =C74-C73 -> 1.48 | E74: 9.1899996 | F74: =D74*G74/3.6 -> 7.1533332 | G74: 17.4

Sheet 12.07
A1: Lane 2 | X1: Headway | Z1: Speed | AB1: Vehicle Type
A2: L2_ID | B2: L2_Cls | C2: L2_Time | D2: Headway | E2: L2_Gap | F2: Gap (Calc) | G2: L2_Speed | H2: min spacing | J2: Headway | K2: Gap (m) | X2: Time | Y2: Gap | Z2: Leader | AA2: Follower | AB2: Leader | AC2: Follower
A3: 1 | B3: Car | C3: 2.44 | D3: 0 | E3: 0 | F3: 0 | G3: 24.1 | J3: 0 | K3: 0 | X3: =D4 -> 2.96 | Y3: =E4 -> 17.74 | Z3: =G4 -> 21.4 | AA3: =G3 -> 24.1 | AB3: Car | AC3: Car
A4: 27 | B4: CNG | C4: 5.4 | D4: =C4-C3 -> 2.96 | E4: 17.74 | F4: =D4*G4/3.6 -> 17.595556 | G4: 21.4 | H4: =E4/(4.8*(((G4/3.6)/16.1)+1)) -> 2.6992251 | J4: 0.2 | K4: =SLOPE($E$3:$E$27, $D$3:$D$27) * J4 + INTERCEPT($E$3:$E$27, $D$3:$D$27) -> 3.622994 | X4: =D5 -> 1.44 | Y4: =E5 -> 7.73 | Z4: =G5 -> 20.6 | AA4: =G4 -> 21.4 | AB4: Car | AC4: Car
A5: 2 | B5: Car | C5: 6.84 | D5: =C5-C4 -> 1.44 | E5: 7.73 | F5: =D5*G5/3.6 -> 8.24 | G5: 20.6 | H5: =E5/(4.8*(((G5/3.6)/16.1)+1)) -> 1.1881333 | J5: 0.4 | K5: =SLOPE($E$3:$E$27, $D$3:$D$27) * J5 + INTERCEPT($E$3:$E$27, $D$3:$D$27) -> 4.2267932 | X5: =D6 -> 2.2 | Y5: =E6 -> 11.79 | Z5: =G6 -> 21.1 | AA5: =G5 -> 20.6 | AB5: Car | AC5: Car
A6: 57 | B6: Car | C6: 9.04 | D6: =C6-C5 -> 2.2 | E6: 11.79 | F6: =D6*G6/3.6 -> 12.894444 | G6: 21.1 | H6: =E6/(4.8*(((G6/3.6)/16.1)+1)) -> 1.8007115 | J6: 0.6 | K6: =SLOPE($E$3:$E$27, $D$3:$D$27) * J6 + INTERCEPT($E$3:$E$27, $D$3:$D$27) -> 4.8305925 | X6: =D7 -> 0.4 | Y6: =E7 -> 3.04 | Z6: =G7 -> 19.1 | AA6: =G6 -> 21.1
A7: 29 | B7: Car | C7: 9.44 | D7: =C7-C6 -> 0.4 | E7: 3.04 | F7: =D7*G7/3.6 -> 2.1222222 | G7: 19.1 | H7: =E7/(4.8*(((G7/3.6)/16.1)+1)) -> 0.47635609 | J7: 0.8 | K7: =SLOPE($E$3:$E$27, $D$3:$D$27) * J7 + INTERCEPT($E$3:$E$27, $D$3:$D$27) -> 5.4343918 | X7: =D8 -> 2.08 | Y7: =E8 -> 9.49 | Z7: =G8 -> 17.1 | AA7: =G7 -> 19.1
A8: 58 | B8: Car | C8: 11.52 | D8: =C8-C7 -> 2.08 | E8: 9.49 | F8: =D8*G8/3.6 -> 9.88 | G8: 17.1 | H8: =E8/(4.8*(((G8/3.6)/16.1)+1)) -> 1.5266687 | J8: 1 | K8: =SLOPE($E$3:$E$27, $D$3:$D$27) * J8 + INTERCEPT($E$3:$E$27, $D$3:$D$27) -> 6.0381911 | X8: =D9 -> 0.68 | Y8: =E9 -> 4.62 | Z8: =G9 -> 13.2 | AA8: =G8 -> 17.1
A9: 61 | B9: Car | C9: 12.2 | D9: =C9-C8 -> 0.68 | E9: 4.62 | F9: =D9*G9/3.6 -> 2.4933333 | G9: 13.2 | H9: =E9/(4.8*(((G9/3.6)/16.1)+1)) -> 0.78395868 | J9: 1.2 | K9: =SLOPE($E$3:$E$27, $D$3:$D$27) * J9 + INTERCEPT($E$3:$E$27, $D$3:$D$27) -> 6.6419904 | X9: =D10 -> 5.2 | Y9: =E10 -> 18.01 | Z9: =G10 -> 17.2 | AA9: =G9 -> 13.2
A10: 78 | B10: Car | C10: 17.4 | D10: =C10-C9 -> 5.2 | E10: 18.01 | F10: =D10*G10/3.6 -> 24.844444 | G10: 17.2 | H10: =E10/(4.8*(((G10/3.6)/16.1)+1)) -> 2.8934373 | J10: 1.4 | K10: =SLOPE($E$3:$E$27, $D$3:$D$27) * J10 + INTERCEPT($E$3:$E$27, $D$3:$D$27) -> 7.2457897 | X10: =D11 -> 2.04 | Y10: =E11 -> 9.99 | Z10: =G11 -> 14.4 | AA10: =G10 -> 17.2
A11: 101 | B11: Motorbike | C11: 19.44 | D11: =C11-C10 -> 2.04 | E11: 9.99 | F11: =D11*G11/3.6 -> 8.16 | G11: 14.4 | H11: =E11/(4.8*(((G11/3.6)/16.1)+1)) -> 1.6670709 | J11: 1.6 | K11: =SLOPE($E$3:$E$27, $D$3:$D$27) * J11 + INTERCEPT($E$3:$E$27, $D$3:$D$27) -> 7.849589 | X11: =D12 -> 0.88 | Y11: =E12 -> 4.16 | Z11: =G12 -> 18.1 | AA11: =G11 -> 14.4
A12: 118 | B12: Motorbike | C12: 20.32 | D12: =C12-C11 -> 0.88 | E12: 4.16 | F12: =D12*G12/3.6 -> 4.4244444 | G12: 18.1 | H12: =E12/(4.8*(((G12/3.6)/16.1)+1)) -> 0.66042598 | J12: 1.8 | K12: =SLOPE($E$3:$E$27, $D$3:$D$27) * J12 + INTERCEPT($E$3:$E$27, $D$3:$D$27) -> 8.4533883 | X12: =D13 -> 1.88 | Y12: =E13 -> 8.82 | Z12: =G13 -> 21 | AA12: =G12 -> 18.1
A13: 124 | B13: Car | C13: 22.2 | D13: =C13-C12 -> 1.88 | E13: 8.82 | F13: =D13*G13/3.6 -> 10.966667 | G13: 21 | H13: =E13/(4.8*(((G13/3.6)/16.1)+1)) -> 1.3488032 | J13: 2 | K13: =SLOPE($E$3:$E$27, $D$3:$D$27) * J13 + INTERCEPT($E$3:$E$27, $D$3:$D$27) -> 9.0571876 | X13: =D14 -> 2.12 | Y13: =E14 -> 9.21 | Z13: =G14 -> 21.1 | AA13: =G13 -> 21
A14: 156 | B14: Car | C14: 24.32 | D14: =C14-C13 -> 2.12 | E14: 9.21 | F14: =D14*G14/3.6 -> 12.425556 | G14: 21.1 | H14: =E14/(4.8*(((G14/3.6)/16.1)+1)) -> 1.4066627 | X14: =D15 -> 2.2 | Y14: =E15 -> 12.6 | Z14: =G15 -> 22.5 | AA14: =G14 -> 21.1
A15: 167 | B15: Car | C15: 26.52 | D15: =C15-C14 -> 2.2 | E15: 12.6 | F15: =D15*G15/3.6 -> 13.75 | G15: 22.5 | H15: =E15/(4.8*(((G15/3.6)/16.1)+1)) -> 1.8909396 | J15: Time Mean Speed | X15: =D16 -> 5.12 | Y15: =E16 -> 17.17 | Z15: =G16 -> 19.1 | AA15: =G15 -> 22.5
A16: 192 | B16: Motorbike | C16: 31.64 | D16: =C16-C15 -> 5.12 | E16: 17.17 | F16: =D16*G16/3.6 -> 27.164444 | G16: 19.1 | H16: =E16/(4.8*(((G16/3.6)/16.1)+1)) -> 2.6904717 | J16: Car | K16: =AVERAGEIFS($G$3:$G$30, $B$3:$B$30, J16, $G$3:$G$30, "<>0") -> 19.545455 | X16: =D17 -> 4.6 | Y16: =E17 -> 12.96 | Z16: =G17 -> 18 | AA16: =G16 -> 19.1
A17: 219 | B17: Car | C17: 36.24 | D17: =C17-C16 -> 4.6 | E17: 12.96 | F17: =D17*G17/3.6 -> 23 | G17: 18 | H17: =E17/(4.8*(((G17/3.6)/16.1)+1)) -> 2.0601896 | J17: Motorbike | K17: =AVERAGEIFS($G$3:$G$30, $B$3:$B$30, J17, $G$3:$G$30, "<>0") -> 17.2 | X17: =D18 -> 0 | Y17: =E18 -> 0 | Z17: =G18 -> 0 | AA17: =G17 -> 18
J18: CNG | K18: =AVERAGEIFS($G$3:$G$30, $B$3:$B$30, J18, $G$3:$G$30, "<>0") -> 21.4 | X18: =D19 -> 0 | Y18: =E19 -> 0 | Z18: =G19 -> 0 | AA18: =G18 -> 0
X19: =D20 -> 0 | Y19: =E20 -> 0 | Z19: =G20 -> 0 | AA19: =G19 -> 0
X20: =D21 -> 0 | Y20: =E21 -> 0 | Z20: =G21 -> 0 | AA20: =G20 -> 0
X21: =D22 -> 0 | Y21: =E22 -> 0 | Z21: =G22 -> 0 | AA21: =G21 -> 0
X22: =D23 -> 0 | Y22: =E23 -> 0 | Z22: =G23 -> 0 | AA22: =G22 -> 0
X23: =D24 -> 0 | Y23: =E24 -> 0 | Z23: =G24 -> 0 | AA23: =G23 -> 0
X24: =D25 -> 0 | Y24: =E25 -> 0 | Z24: =G25 -> 0 | AA24: =G24 -> 0
X25: =D26 -> 0 | Y25: =E26 -> 0 | Z25: =G26 -> 0 | AA25: =G25 -> 0
X26: =D27 -> 0 | Y26: =E27 -> 0 | Z26: =G27 -> 0 | AA26: =G26 -> 0
X27: =D28 -> 0 | Y27: =E28 -> 0 | Z27: =G28 -> 0 | AA27: =G27 -> 0
AB31: Normalizing Gap by speed | AD31: Gap
Y32: Gap/V | Z32: Headway | AB32: Headway | AC32: Gap/V | AD32: 15 | AE32: 18 | AF32: 20 | AG32: 25
A33: Lane 3 | J33: Headway | K33: Gap (m) | Y33: 0 | Z33: 0 | AB33: 0 | AC33: 0 | AD33: 0 | AE33: 0 | AF33: 0 | AG33: 0
A34: L3_ID | B34: L3_Cls | C34: L3_Time | D34: Headway | E34: L3_Gap | F34: Gap (Calc) | G34: L3_Speed | H34: min spacing | J34: 0 | K34: 0 | Y34: =E4/G4 -> 0.82897196 | Z34: 0.4 | AB34: 0.2 | AC34: =SLOPE($Y$33:$Y$57, $Z$33:$Z$57) * AB34 + INTERCEPT($Y$33:$Y$57, $Z$33:$Z$57) -> #DIV/0! | AD34: =$AD$32*AC34 -> #DIV/0! | AE34: =$AE$32*AC34 -> #DIV/0! | AF34: =$AF$32*AC34 -> #DIV/0! | AG34: =$AG$32*AC34 -> #DIV/0!
A35: 11 | B35: Bicycle | C35: 0.12 | D35: 0 | E35: 0 | F35: 0 | G35: 0 | J35: 0.2 | K35: =SLOPE($E$35:$E$58, $D$35:$D$58) * J35 + INTERCEPT($E$35:$E$58, $D$35:$D$58) -> 3.0660609 | Y35: =E5/G5 -> 0.37524272 | Z35: 1.04 | AB35: 0.4 | AC35: =SLOPE($Y$33:$Y$57, $Z$33:$Z$57) * AB35 + INTERCEPT($Y$33:$Y$57, $Z$33:$Z$57) -> #DIV/0! | AD35: =$AD$32*AC35 -> #DIV/0! | AE35: =$AE$32*AC35 -> #DIV/0! | AF35: =$AF$32*AC35 -> #DIV/0! | AG35: =$AG$32*AC35 -> #DIV/0!
A36: 22 | B36: Bicycle | C36: 4.24 | D36: =C36-C35 -> 4.12 | E36: 10.19 | F36: =D36*G36/3.6 -> 12.703333 | G36: 11.1 | H36: =E36/(4.8*(((G36/3.6)/16.1)+1)) -> 1.7817007 | J36: 0.4 | K36: =SLOPE($E$35:$E$58, $D$35:$D$58) * J36 + INTERCEPT($E$35:$E$58, $D$35:$D$58) -> 3.4462838 | Y36: =E6/G6 -> 0.55876777 | Z36: 1.16 | AB36: 0.6 | AC36: =SLOPE($Y$33:$Y$57, $Z$33:$Z$57) * AB36 + INTERCEPT($Y$33:$Y$57, $Z$33:$Z$57) -> #DIV/0! | AD36: =$AD$32*AC36 -> #DIV/0! | AE36: =$AE$32*AC36 -> #DIV/0! | AF36: =$AF$32*AC36 -> #DIV/0! | AG36: =$AG$32*AC36 -> #DIV/0!
A37: 7 | B37: CNG | C37: 4.6 | D37: =C37-C36 -> 0.36 | E37: 0.5 | F37: =D37*G37/3.6 -> 1.77 | G37: 17.7 | H37: =E37/(4.8*(((G37/3.6)/16.1)+1)) -> 0.07979778 | J37: 0.6 | K37: =SLOPE($E$35:$E$58, $D$35:$D$58) * J37 + INTERCEPT($E$35:$E$58, $D$35:$D$58) -> 3.8265067 | Y37: =E7/G7 -> 0.1591623 | Z37: 1.24 | AB37: 0.8 | AC37: =SLOPE($Y$33:$Y$57, $Z$33:$Z$57) * AB37 + INTERCEPT($Y$33:$Y$57, $Z$33:$Z$57) -> #DIV/0! | AD37: =$AD$32*AC37 -> #DIV/0! | AE37: =$AE$32*AC37 -> #DIV/0! | AF37: =$AF$32*AC37 -> #DIV/0! | AG37: =$AG$32*AC37 -> #DIV/0!
A38: 44 | B38: Car | C38: 7.04 | D38: =C38-C37 -> 2.44 | E38: 12.37 | F38: =D38*G38/3.6 -> 12.403333 | G38: 18.3 | H38: =E38/(4.8*(((G38/3.6)/16.1)+1)) -> 1.9586644 | J38: 0.8 | K38: =SLOPE($E$35:$E$58, $D$35:$D$58) * J38 + INTERCEPT($E$35:$E$58, $D$35:$D$58) -> 4.2067296 | Y38: =E8/G8 -> 0.55497076 | Z38: 2.16 | AB38: 1 | AC38: =SLOPE($Y$33:$Y$57, $Z$33:$Z$57) * AB38 + INTERCEPT($Y$33:$Y$57, $Z$33:$Z$57) -> #DIV/0! | AD38: =$AD$32*AC38 -> #DIV/0! | AE38: =$AE$32*AC38 -> #DIV/0! | AF38: =$AF$32*AC38 -> #DIV/0! | AG38: =$AG$32*AC38 -> #DIV/0!
A39: 17 | B39: Car | C39: 9 | D39: =C39-C38 -> 1.96 | E39: 6.99 | F39: =D39*G39/3.6 -> 9.8544444 | G39: 18.1 | H39: =E39/(4.8*(((G39/3.6)/16.1)+1)) -> 1.1097062 | J39: 1 | K39: =SLOPE($E$35:$E$58, $D$35:$D$58) * J39 + INTERCEPT($E$35:$E$58, $D$35:$D$58) -> 4.5869526 | Y39: =E9/G9 -> 0.35 | Z39: 2.64 | AB39: 1.2 | AC39: =SLOPE($Y$33:$Y$57, $Z$33:$Z$57) * AB39 + INTERCEPT($Y$33:$Y$57, $Z$33:$Z$57) -> #DIV/0! | AD39: =$AD$32*AC39 -> #DIV/0! | AE39: =$AE$32*AC39 -> #DIV/0! | AF39: =$AF$32*AC39 -> #DIV/0! | AG39: =$AG$32*AC39 -> #DIV/0!
A40: 50 | B40: Car | C40: 11.2 | D40: =C40-C39 -> 2.2 | E40: 8.22 | F40: =D40*G40/3.6 -> 11.244444 | G40: 18.4 | H40: =E40/(4.8*(((G40/3.6)/16.1)+1)) -> 1.2998494 | J40: 1.2 | K40: =SLOPE($E$35:$E$58, $D$35:$D$58) * J40 + INTERCEPT($E$35:$E$58, $D$35:$D$58) -> 4.9671755 | Y40: =E10/G10 -> 1.047093 | Z40: 2.2 | AB40: 1.4 | AC40: =SLOPE($Y$33:$Y$57, $Z$33:$Z$57) * AB40 + INTERCEPT($Y$33:$Y$57, $Z$33:$Z$57) -> #DIV/0! | AD40: =$AD$32*AC40 -> #DIV/0! | AE40: =$AE$32*AC40 -> #DIV/0! | AF40: =$AF$32*AC40 -> #DIV/0! | AG40: =$AG$32*AC40 -> #DIV/0!
A41: 68 | B41: Truck | C41: 14.6 | D41: =C41-C40 -> 3.4 | E41: 12.2 | F41: =D41*G41/3.6 -> 18.133333 | G41: 19.2 | H41: =E41/(4.8*(((G41/3.6)/16.1)+1)) -> 1.9092146 | J41: 1.4 | K41: =SLOPE($E$35:$E$58, $D$35:$D$58) * J41 + INTERCEPT($E$35:$E$58, $D$35:$D$58) -> 5.3473984 | Y41: =E11/G11 -> 0.69375 | Z41: 2.68 | AB41: 1.6 | AC41: =SLOPE($Y$33:$Y$57, $Z$33:$Z$57) * AB41 + INTERCEPT($Y$33:$Y$57, $Z$33:$Z$57) -> #DIV/0! | AD41: =$AD$32*AC41 -> #DIV/0! | AE41: =$AE$32*AC41 -> #DIV/0! | AF41: =$AF$32*AC41 -> #DIV/0! | AG41: =$AG$32*AC41 -> #DIV/0!
F42: =D42*G42/3.6 -> 0 | H42: =E42/(4.8*(((G42/3.6)/16.1)+1)) -> 0 | J42: 1.6 | K42: =SLOPE($E$35:$E$58, $D$35:$D$58) * J42 + INTERCEPT($E$35:$E$58, $D$35:$D$58) -> 5.7276213 | Y42: =E12/G12 -> 0.22983425 | Z42: 1.48 | AB42: 1.8 | AC42: =SLOPE($Y$33:$Y$57, $Z$33:$Z$57) * AB42 + INTERCEPT($Y$33:$Y$57, $Z$33:$Z$57) -> #DIV/0! | AD42: =$AD$32*AC42 -> #DIV/0! | AE42: =$AE$32*AC42 -> #DIV/0! | AF42: =$AF$32*AC42 -> #DIV/0! | AG42: =$AG$32*AC42 -> #DIV/0!
A43: 76 | B43: Car | C43: 16.52 | E43: 2.46 | F43: =D43*G43/3.6 -> 0 | G43: 16.7 | H43: =E43/(4.8*(((G43/3.6)/16.1)+1)) -> 0.39786365 | J43: 1.8 | K43: =SLOPE($E$35:$E$58, $D$35:$D$58) * J43 + INTERCEPT($E$35:$E$58, $D$35:$D$58) -> 6.1078442 | Y43: =E13/G13 -> 0.42 | Z43: 1.64 | AB43: 2 | AC43: =SLOPE($Y$33:$Y$57, $Z$33:$Z$57) * AB43 + INTERCEPT($Y$33:$Y$57, $Z$33:$Z$57) -> #DIV/0! | AD43: =$AD$32*AC43 -> #DIV/0! | AE43: =$AE$32*AC43 -> #DIV/0! | AF43: =$AF$32*AC43 -> #DIV/0! | AG43: =$AG$32*AC43 -> #DIV/0!
A44: 148 | B44: Motorbike | C44: 19.04 | D44: =C44-C43 -> 2.52 | E44: 10.93 | F44: =D44*G44/3.6 -> 0 | G44: 0 | H44: =E44/(4.8*(((G44/3.6)/16.1)+1)) -> 2.2770833 | J44: 2 | K44: =SLOPE($E$35:$E$58, $D$35:$D$58) * J44 + INTERCEPT($E$35:$E$58, $D$35:$D$58) -> 6.4880671 | Y44: =E14/G14 -> 0.43649289 | Z44: 1.68
A45: 88 | B45: Car | C45: 20.4 | D45: =C45-C44 -> 1.36 | E45: 1.94 | F45: =D45*G45/3.6 -> 6.2711111 | G45: 16.6 | H45: =E45/(4.8*(((G45/3.6)/16.1)+1)) -> 0.31418321 | Y45: =E15/G15 -> 0.56 | Z45: 1.68
F46: =D46*G46/3.6 -> 0 | H46: =E46/(4.8*(((G46/3.6)/16.1)+1)) -> 0 | J46: Time Mean Speed | Y46: =E16/G16 -> 0.89895288 | Z46: 1
A47: 147 | B47: CNG | C47: 24.4 | E47: 7.02 | F47: =D47*G47/3.6 -> 0 | G47: 20.5 | H47: =E47/(4.8*(((G47/3.6)/16.1)+1)) -> 1.0803785 | J47: Car | K47: =AVERAGEIFS($G$35:$G$80, $B$35:$B$80, J47, $G$35:$G$80, "<>0") -> 17.816667 | Y47: =E17/G17 -> 0.72 | Z47: 3.44
A48: 158 | B48: CNG | C48: 25.04 | D48: =C48-C47 -> 0.64 | E48: 4.21 | F48: =D48*G48/3.6 -> 3.7688889 | G48: 21.2 | H48: =E48/(4.8*(((G48/3.6)/16.1)+1)) -> 0.64218987 | J48: Motorbike | K48: =AVERAGEIFS($G$35:$G$80, $B$35:$B$80, J48, $G$35:$G$80, "<>0") -> 15.7 | Y48: =E18/G18 -> #DIV/0! | Z48: 1.2
A49: 183 | B49: NMV | C49: 31.84 | D49: =C49-C48 -> 6.8 | E49: 12.09 | F49: =D49*G49/3.6 -> 23.422222 | G49: 12.4 | H49: =E49/(4.8*(((G49/3.6)/16.1)+1)) -> 2.0748543 | J49: CNG | K49: =AVERAGEIFS($G$35:$G$80, $B$35:$B$80, J49, $G$35:$G$80, "<>0") -> 19.8 | Y49: =E19/G19 -> #DIV/0! | Z49: 2.68
A50: 203 | B50: Motorbike | C50: 33.64 | D50: =C50-C49 -> 1.8 | E50: 7.5 | F50: =D50*G50/3.6 -> 7.85 | G50: 15.7 | H50: =E50/(4.8*(((G50/3.6)/16.1)+1)) -> 1.2294665 | Y50: =E20/G20 -> #DIV/0! | Z50: 1.6
A51: 219 | B51: Car | C51: 36.64 | D51: =C51-C50 -> 3 | E51: 5.95 | F51: =D51*G51/3.6 -> 15.666667 | G51: 18.8 | H51: =E51/(4.8*(((G51/3.6)/16.1)+1)) -> 0.93598554 | Y51: =E21/G21 -> #DIV/0! | Z51: 1.6
Y52: =E22/G22 -> #DIV/0! | Z52: 1.2
Y53: =E23/G23 -> #DIV/0! | Z53: 0.8
Y54: =E24/G24 -> #DIV/0! | Z54: 1.48
Y55: =E25/G25 -> #DIV/0! | Z55: 0.8
Y56: =E26/G26 -> #DIV/0! | Z56: 6

Sheet 12.16
A1: Lane 2 | X1: Headway | Z1: Speed | AB1: Vehicle Type
A2: L2_ID | B2: L2_Cls | C2: L2_Time | D2: Headway | E2: L2_Gap | F2: Gap (Calc) | G2: L2_Speed | J2: Headway | K2: Gap (m) | X2: Time | Y2: Gap | Z2: Leader | AA2: Follower | AB2: Leader | AC2: Follower
A3: 2 | B3: Car | C3: 1.88 | D3: 0 | E3: 0 | F3: 0 | G3: 21.8 | J3: 0 | K3: 0 | X3: =D4 -> 1.8 | Y3: =E4 -> 12.88 | Z3: =G4 -> 30.4 | AA3: =G3 -> 21.8 | AB3: Car | AC3: Car
A4: 5 | B4: Car | C4: 3.68 | D4: =C4-C3 -> 1.8 | E4: 12.88 | F4: =D4*G4/3.6 -> 15.2 | G4: 30.4 | J4: 0.2 | K4: =SLOPE($E$3:$E$27, $D$3:$D$27) * J4 + INTERCEPT($E$3:$E$27, $D$3:$D$27) -> 2.5283952 | X4: =D5 -> 3.84 | Y4: =E5 -> 17.49 | Z4: =G5 -> 17.3 | AA4: =G4 -> 30.4 | AB4: Car | AC4: Car
A5: 27 | B5: CNG | C5: 7.52 | D5: =C5-C4 -> 3.84 | E5: 17.49 | F5: =D5*G5/3.6 -> 18.453333 | G5: 17.3 | J5: 0.4 | K5: =SLOPE($E$3:$E$27, $D$3:$D$27) * J5 + INTERCEPT($E$3:$E$27, $D$3:$D$27) -> 3.4107096 | X5: =D6 -> 0.96 | Y5: =E6 -> 5.27 | Z5: =G6 -> 14.8 | AA5: =G5 -> 17.3 | AB5: Car | AC5: Car
A6: 13 | B6: Car | C6: 8.48 | D6: =C6-C5 -> 0.96 | E6: 5.27 | F6: =D6*G6/3.6 -> 3.9466667 | G6: 14.8 | J6: 0.6 | K6: =SLOPE($E$3:$E$27, $D$3:$D$27) * J6 + INTERCEPT($E$3:$E$27, $D$3:$D$27) -> 4.2930239 | X6: =D7 -> 1.64 | Y6: =E7 -> 7 | Z6: =G7 -> 14 | AA6: =G6 -> 14.8
A7: 54 | B7: Car | C7: 10.12 | D7: =C7-C6 -> 1.64 | E7: 7 | F7: =D7*G7/3.6 -> 6.3777778 | G7: 14 | J7: 0.8 | K7: =SLOPE($E$3:$E$27, $D$3:$D$27) * J7 + INTERCEPT($E$3:$E$27, $D$3:$D$27) -> 5.1753383 | X7: =D8 -> 2.28 | Y7: =E8 -> 14.07 | Z7: =G8 -> 16 | AA7: =G7 -> 14
A8: 60 | B8: Car | C8: 12.4 | D8: =C8-C7 -> 2.28 | E8: 14.07 | F8: =D8*G8/3.6 -> 10.133333 | G8: 16 | J8: 1 | K8: =SLOPE($E$3:$E$27, $D$3:$D$27) * J8 + INTERCEPT($E$3:$E$27, $D$3:$D$27) -> 6.0576526 | X8: =D9 -> 2.08 | Y8: =E9 -> 13.23 | Z8: =G9 -> 19.4 | AA8: =G8 -> 16
A9: 77 | B9: Car | C9: 14.48 | D9: =C9-C8 -> 2.08 | E9: 13.23 | F9: =D9*G9/3.6 -> 11.208889 | G9: 19.4 | J9: 1.2 | K9: =SLOPE($E$3:$E$27, $D$3:$D$27) * J9 + INTERCEPT($E$3:$E$27, $D$3:$D$27) -> 6.9399669 | X9: =D10 -> 3.04 | Y9: =E10 -> 17.82 | Z9: =G10 -> 14.4 | AA9: =G9 -> 19.4
A10: 74 | B10: Car | C10: 17.52 | D10: =C10-C9 -> 3.04 | E10: 17.82 | F10: =D10*G10/3.6 -> 12.16 | G10: 14.4 | J10: 1.4 | K10: =SLOPE($E$3:$E$27, $D$3:$D$27) * J10 + INTERCEPT($E$3:$E$27, $D$3:$D$27) -> 7.8222813 | X10: =D11 -> 3.88 | Y10: =E11 -> 16 | Z10: =G11 -> 16.4 | AA10: =G10 -> 14.4
A11: 95 | B11: Car | C11: 21.4 | D11: =C11-C10 -> 3.88 | E11: 16 | F11: =D11*G11/3.6 -> 17.675556 | G11: 16.4 | J11: 1.6 | K11: =SLOPE($E$3:$E$27, $D$3:$D$27) * J11 + INTERCEPT($E$3:$E$27, $D$3:$D$27) -> 8.7045956 | X11: =D12 -> 2.08 | Y11: =E12 -> 9.63 | Z11: =G12 -> 18.8 | AA11: =G11 -> 16.4
A12: 114 | B12: Car | C12: 23.48 | D12: =C12-C11 -> 2.08 | E12: 9.63 | F12: =D12*G12/3.6 -> 10.862222 | G12: 18.8 | J12: 1.8 | K12: =SLOPE($E$3:$E$27, $D$3:$D$27) * J12 + INTERCEPT($E$3:$E$27, $D$3:$D$27) -> 9.5869099 | X12: =D13 -> 3.12 | Y12: =E13 -> 14.21 | Z12: =G13 -> 20.1 | AA12: =G12 -> 18.8
A13: 133 | B13: Motorbike | C13: 26.6 | D13: =C13-C12 -> 3.12 | E13: 14.21 | F13: =D13*G13/3.6 -> 17.42 | G13: 20.1 | J13: 2 | K13: =SLOPE($E$3:$E$27, $D$3:$D$27) * J13 + INTERCEPT($E$3:$E$27, $D$3:$D$27) -> 10.469224 | X13: =D14 -> 1.32 | Y13: =E14 -> 8.13 | Z13: =G14 -> 15.6 | AA13: =G13 -> 20.1
A14: 148 | B14: Car | C14: 27.92 | D14: =C14-C13 -> 1.32 | E14: 8.13 | F14: =D14*G14/3.6 -> 5.72 | G14: 15.6 | X14: =D15 -> 1.88 | Y14: =E15 -> 10.38 | Z14: =G15 -> 17.1 | AA14: =G14 -> 15.6
A15: 170 | B15: Car | C15: 29.8 | D15: =C15-C14 -> 1.88 | E15: 10.38 | F15: =D15*G15/3.6 -> 8.93 | G15: 17.1 | J15: Time Mean Speed | X15: =D16 -> 1 | Y15: =E16 -> 4.72 | Z15: =G16 -> 20 | AA15: =G15 -> 17.1
A16: 151 | B16: Car | C16: 30.8 | D16: =C16-C15 -> 1 | E16: 4.72 | F16: =D16*G16/3.6 -> 5.5555556 | G16: 20 | J16: Car | K16: =AVERAGEIFS($G$3:$G$30, $B$3:$B$30, J16, $G$3:$G$30, "<>0") -> 18.428571 | X16: =D17 -> 0.88 | Y16: =E17 -> 5.84 | Z16: =G17 -> 18.7 | AA16: =G16 -> 20
A17: 173 | B17: Car | C17: 31.68 | D17: =C17-C16 -> 0.88 | E17: 5.84 | F17: =D17*G17/3.6 -> 4.5711111 | G17: 18.7 | J17: Motorbike | K17: =AVERAGEIFS($G$3:$G$30, $B$3:$B$30, J17, $G$3:$G$30, "<>0") -> 18.975 | X17: =D18 -> 1.32 | Y17: =E18 -> 7.06 | Z17: =G18 -> 20.6 | AA17: =G17 -> 18.7
A18: 185 | B18: Car | C18: 33 | D18: =C18-C17 -> 1.32 | E18: 7.06 | F18: =D18*G18/3.6 -> 7.5533333 | G18: 20.6 | J18: CNG | K18: =AVERAGEIFS($G$3:$G$30, $B$3:$B$30, J18, $G$3:$G$30, "<>0") -> 21 | X18: =D19 -> 1.12 | Y18: =E19 -> 6.54 | Z18: =G19 -> 24.3 | AA18: =G18 -> 20.6
A19: 221 | B19: CNG | C19: 34.12 | D19: =C19-C18 -> 1.12 | E19: 6.54 | F19: =D19*G19/3.6 -> 7.56 | G19: 24.3 | X19: =D20 -> 1.16 | Y19: =E20 -> 7.74 | Z19: =G20 -> 23.5 | AA19: =G19 -> 24.3
A20: 246 | B20: Motorbike | C20: 35.28 | D20: =C20-C19 -> 1.16 | E20: 7.74 | F20: =D20*G20/3.6 -> 7.5722222 | G20: 23.5 | X20: =D21 -> 1.64 | Y20: =E21 -> 8.01 | Z20: =G21 -> 21.4 | AA20: =G20 -> 23.5
A21: 233 | B21: CNG | C21: 36.92 | D21: =C21-C20 -> 1.64 | E21: 8.01 | F21: =D21*G21/3.6 -> 9.7488889 | G21: 21.4 | X21: =D22 -> 1.16 | Y21: =E22 -> 7.64 | Z21: =G22 -> 16.6 | AA21: =G21 -> 21.4
A22: 260 | B22: Motorbike | C22: 38.08 | D22: =C22-C21 -> 1.16 | E22: 7.64 | F22: =D22*G22/3.6 -> 5.3488889 | G22: 16.6 | X22: =D23 -> 0.64 | Y22: =E23 -> 3.43 | Z22: =G23 -> 15.7 | AA22: =G22 -> 16.6
A23: 270 | B23: Motorbike | C23: 38.72 | D23: =C23-C22 -> 0.64 | E23: 3.43 | F23: =D23*G23/3.6 -> 2.7911111 | G23: 15.7 | X23: =D24 -> 0 | Y23: =E24 -> 0 | Z23: =G24 -> 0 | AA23: =G23 -> 15.7
X24: =D25 -> 0 | Y24: =E25 -> 0 | Z24: =G25 -> 0 | AA24: =G24 -> 0
X25: =D26 -> 0 | Y25: =E26 -> 0 | Z25: =G26 -> 0 | AA25: =G25 -> 0
X26: =D27 -> 0 | Y26: =E27 -> 0 | Z26: =G27 -> 0 | AA26: =G26 -> 0
X27: =D28 -> 0 | Y27: =E28 -> 0 | Z27: =G28 -> 0 | AA27: =G27 -> 0
AB31: Normalizing Gap by speed | AD31: Gap
Y32: Gap/V | Z32: Headway | AB32: Headway | AC32: Gap/V | AD32: 15 | AE32: 18 | AF32: 20 | AG32: 25
A33: Lane 3 | J33: Headway | K33: Gap (m) | Y33: 0 | Z33: 0 | AB33: 0 | AC33: 0 | AD33: 0 | AE33: 0 | AF33: 0 | AG33: 0
A34: L3_ID | B34: L3_Cls | C34: L3_Time | D34: Headway | E34: L3_Gap | F34: Gap (Calc) | G34: L3_Speed | J34: 0 | K34: 0 | Y34: =E4/G4 -> 0.42368421 | Z34: 0.4 | AB34: 0.2 | AC34: =SLOPE($Y$33:$Y$57, $Z$33:$Z$57) * AB34 + INTERCEPT($Y$33:$Y$57, $Z$33:$Z$57) -> #DIV/0! | AD34: =$AD$32*AC34 -> #DIV/0! | AE34: =$AE$32*AC34 -> #DIV/0! | AF34: =$AF$32*AC34 -> #DIV/0! | AG34: =$AG$32*AC34 -> #DIV/0!
A35: 6 | B35: Motorbike | C35: 3.72 | D35: 0 | E35: 0 | F35: 0 | G35: 18.7 | J35: 0.2 | K35: =SLOPE($E$35:$E$58, $D$35:$D$58) * J35 + INTERCEPT($E$35:$E$58, $D$35:$D$58) -> 4.6039489 | Y35: =E5/G5 -> 1.0109827 | Z35: 1.04 | AB35: 0.4 | AC35: =SLOPE($Y$33:$Y$57, $Z$33:$Z$57) * AB35 + INTERCEPT($Y$33:$Y$57, $Z$33:$Z$57) -> #DIV/0! | AD35: =$AD$32*AC35 -> #DIV/0! | AE35: =$AE$32*AC35 -> #DIV/0! | AF35: =$AF$32*AC35 -> #DIV/0! | AG35: =$AG$32*AC35 -> #DIV/0!
A36: 49 | B36: Motorbike | C36: 6.2 | D36: =C36-C35 -> 2.48 | E36: 9.77 | F36: =D36*G36/3.6 -> 13.157778 | G36: 19.1 | J36: 0.4 | K36: =SLOPE($E$35:$E$58, $D$35:$D$58) * J36 + INTERCEPT($E$35:$E$58, $D$35:$D$58) -> 4.9813074 | Y36: =E6/G6 -> 0.35608108 | Z36: 1.16 | AB36: 0.6 | AC36: =SLOPE($Y$33:$Y$57, $Z$33:$Z$57) * AB36 + INTERCEPT($Y$33:$Y$57, $Z$33:$Z$57) -> #DIV/0! | AD36: =$AD$32*AC36 -> #DIV/0! | AE36: =$AE$32*AC36 -> #DIV/0! | AF36: =$AF$32*AC36 -> #DIV/0! | AG36: =$AG$32*AC36 -> #DIV/0!
A37: 45 | B37: CNG | C37: 7.12 | D37: =C37-C36 -> 0.92 | E37: 4.01 | F37: =D37*G37/3.6 -> 4.2422222 | G37: 16.6 | J37: 0.6 | K37: =SLOPE($E$35:$E$58, $D$35:$D$58) * J37 + INTERCEPT($E$35:$E$58, $D$35:$D$58) -> 5.3586659 | Y37: =E7/G7 -> 0.5 | Z37: 1.24 | AB37: 0.8 | AC37: =SLOPE($Y$33:$Y$57, $Z$33:$Z$57) * AB37 + INTERCEPT($Y$33:$Y$57, $Z$33:$Z$57) -> #DIV/0! | AD37: =$AD$32*AC37 -> #DIV/0! | AE37: =$AE$32*AC37 -> #DIV/0! | AF37: =$AF$32*AC37 -> #DIV/0! | AG37: =$AG$32*AC37 -> #DIV/0!
A38: 28 | B38: Car | C38: 8.6 | D38: =C38-C37 -> 1.48 | E38: 8.37 | F38: =D38*G38/3.6 -> 6.7833333 | G38: 16.5 | J38: 0.8 | K38: =SLOPE($E$35:$E$58, $D$35:$D$58) * J38 + INTERCEPT($E$35:$E$58, $D$35:$D$58) -> 5.7360244 | Y38: =E8/G8 -> 0.879375 | Z38: 2.16 | AB38: 1 | AC38: =SLOPE($Y$33:$Y$57, $Z$33:$Z$57) * AB38 + INTERCEPT($Y$33:$Y$57, $Z$33:$Z$57) -> #DIV/0! | AD38: =$AD$32*AC38 -> #DIV/0! | AE38: =$AE$32*AC38 -> #DIV/0! | AF38: =$AF$32*AC38 -> #DIV/0! | AG38: =$AG$32*AC38 -> #DIV/0!
A39: 81 | B39: Car | C39: 12.52 | D39: =C39-C38 -> 3.92 | E39: 12.76 | F39: =D39*G39/3.6 -> 14.917778 | G39: 13.7 | J39: 1 | K39: =SLOPE($E$35:$E$58, $D$35:$D$58) * J39 + INTERCEPT($E$35:$E$58, $D$35:$D$58) -> 6.1133828 | Y39: =E9/G9 -> 0.68195876 | Z39: 2.64 | AB39: 1.2 | AC39: =SLOPE($Y$33:$Y$57, $Z$33:$Z$57) * AB39 + INTERCEPT($Y$33:$Y$57, $Z$33:$Z$57) -> #DIV/0! | AD39: =$AD$32*AC39 -> #DIV/0! | AE39: =$AE$32*AC39 -> #DIV/0! | AF39: =$AF$32*AC39 -> #DIV/0! | AG39: =$AG$32*AC39 -> #DIV/0!
A40: 85 | B40: Car | C40: 15.08 | D40: =C40-C39 -> 2.56 | E40: 10.02 | F40: =D40*G40/3.6 -> 9.2444444 | G40: 13 | J40: 1.2 | K40: =SLOPE($E$35:$E$58, $D$35:$D$58) * J40 + INTERCEPT($E$35:$E$58, $D$35:$D$58) -> 6.4907413 | Y40: =E10/G10 -> 1.2375 | Z40: 2.2 | AB40: 1.4 | AC40: =SLOPE($Y$33:$Y$57, $Z$33:$Z$57) * AB40 + INTERCEPT($Y$33:$Y$57, $Z$33:$Z$57) -> #DIV/0! | AD40: =$AD$32*AC40 -> #DIV/0! | AE40: =$AE$32*AC40 -> #DIV/0! | AF40: =$AF$32*AC40 -> #DIV/0! | AG40: =$AG$32*AC40 -> #DIV/0!
A41: 65 | B41: Car | C41: 16.88 | D41: =C41-C40 -> 1.8 | E41: 7.94 | F41: =D41*G41/3.6 -> 7.35 | G41: 14.7 | J41: 1.4 | K41: =SLOPE($E$35:$E$58, $D$35:$D$58) * J41 + INTERCEPT($E$35:$E$58, $D$35:$D$58) -> 6.8680998 | Y41: =E11/G11 -> 0.97560976 | Z41: 2.68 | AB41: 1.6 | AC41: =SLOPE($Y$33:$Y$57, $Z$33:$Z$57) * AB41 + INTERCEPT($Y$33:$Y$57, $Z$33:$Z$57) -> #DIV/0! | AD41: =$AD$32*AC41 -> #DIV/0! | AE41: =$AE$32*AC41 -> #DIV/0! | AF41: =$AF$32*AC41 -> #DIV/0! | AG41: =$AG$32*AC41 -> #DIV/0!
A42: 104 | B42: Car | C42: 19.8 | D42: =C42-C41 -> 2.92 | E42: 14.54 | F42: =D42*G42/3.6 -> 15.33 | G42: 18.9 | J42: 1.6 | K42: =SLOPE($E$35:$E$58, $D$35:$D$58) * J42 + INTERCEPT($E$35:$E$58, $D$35:$D$58) -> 7.2454583 | Y42: =E12/G12 -> 0.51223404 | Z42: 1.48 | AB42: 1.8 | AC42: =SLOPE($Y$33:$Y$57, $Z$33:$Z$57) * AB42 + INTERCEPT($Y$33:$Y$57, $Z$33:$Z$57) -> #DIV/0! | AD42: =$AD$32*AC42 -> #DIV/0! | AE42: =$AE$32*AC42 -> #DIV/0! | AF42: =$AF$32*AC42 -> #DIV/0! | AG42: =$AG$32*AC42 -> #DIV/0!
A43: 119 | B43: CNG | C43: 22.32 | D43: =C43-C42 -> 2.52 | E43: 12.67 | F43: =D43*G43/3.6 -> 10.22 | G43: 14.6 | J43: 1.8 | K43: =SLOPE($E$35:$E$58, $D$35:$D$58) * J43 + INTERCEPT($E$35:$E$58, $D$35:$D$58) -> 7.6228168 | Y43: =E13/G13 -> 0.70696517 | Z43: 1.64 | AB43: 2 | AC43: =SLOPE($Y$33:$Y$57, $Z$33:$Z$57) * AB43 + INTERCEPT($Y$33:$Y$57, $Z$33:$Z$57) -> #DIV/0! | AD43: =$AD$32*AC43 -> #DIV/0! | AE43: =$AE$32*AC43 -> #DIV/0! | AF43: =$AF$32*AC43 -> #DIV/0! | AG43: =$AG$32*AC43 -> #DIV/0!
A44: 133 | B44: Motorbike | C44: 26.88 | D44: =C44-C43 -> 4.56 | E44: 8.75 | F44: =D44*G44/3.6 -> 28.88 | G44: 22.8 | J44: 2 | K44: =SLOPE($E$35:$E$58, $D$35:$D$58) * J44 + INTERCEPT($E$35:$E$58, $D$35:$D$58) -> 8.0001752 | Y44: =E14/G14 -> 0.52115385 | Z44: 1.68
A45: 167 | B45: CNG | C45: 27.48 | D45: =C45-C44 -> 0.6 | E45: 4.98 | F45: =D45*G45/3.6 -> 3.15 | G45: 18.9 | Y45: =E15/G15 -> 0.60701754 | Z45: 1.68
A46: 159 | B46: CNG | C46: 29 | D46: =C46-C45 -> 1.52 | E46: 8.52 | F46: =D46*G46/3.6 -> 7.6844444 | G46: 18.2 | J46: Time Mean Speed | Y46: =E16/G16 -> 0.236 | Z46: 1
A47: 172 | B47: Motorbike | C47: 34.4 | D47: =C47-C46 -> 5.4 | E47: 11.95 | F47: =D47*G47/3.6 -> 26.55 | G47: 17.7 | J47: Car | K47: =AVERAGEIFS($G$35:$G$80, $B$35:$B$80, J47, $G$35:$G$80, "<>0") -> 15.36 | Y47: =E17/G17 -> 0.31229947 | Z47: 3.44
A48: 239 | B48: Motorbike | C48: 36.6 | D48: =C48-C47 -> 2.2 | E48: 6.93 | F48: =D48*G48/3.6 -> 12.711111 | G48: 20.8 | J48: Motorbike | K48: =AVERAGEIFS($G$35:$G$80, $B$35:$B$80, J48, $G$35:$G$80, "<>0") -> 19.82 | Y48: =E18/G18 -> 0.34271845 | Z48: 1.2
J49: CNG | K49: =AVERAGEIFS($G$35:$G$80, $B$35:$B$80, J49, $G$35:$G$80, "<>0") -> 17.075 | Y49: =E19/G19 -> 0.2691358 | Z49: 2.68
Y50: =E20/G20 -> 0.3293617 | Z50: 1.6
Y51: =E21/G21 -> 0.37429907 | Z51: 1.6
Y52: =E22/G22 -> 0.46024096 | Z52: 1.2
Y53: =E23/G23 -> 0.21847134 | Z53: 0.8
Y54: =E24/G24 -> #DIV/0! | Z54: 1.48
Y55: =E25/G25 -> #DIV/0! | Z55: 0.8
Y56: =E26/G26 -> #DIV/0! | Z56: 6

Sheet 13.00
A1: Lane 2 | F1: Avg speed | G1: =AVERAGEIF(G3:G26,">0") -> 22.488889 | H1: =AVERAGEIF(H4:H26,">0") -> 1.560032 | X1: Headway | Z1: Speed | AB1: Vehicle Type
A2: L2_ID | B2: L2_Cls | C2: L2_Time | D2: Headway | E2: L2_Gap | F2: Gap (Calc) | G2: L2_Speed | H2: min spacing | J2: Headway | K2: Gap (m) | X2: Time | Y2: Gap | Z2: Leader | AA2: Follower | AB2: Leader | AC2: Follower
A3: 3 | B3: Car | C3: 5.2 | D3: 0 | E3: 0 | F3: 0 | G3: 19.1 | J3: 0 | K3: 0 | X3: =D4 -> 2.04 | Y3: =E4 -> 13.93 | Z3: =G4 -> 25 | AA3: =G3 -> 19.1 | AB3: Car | AC3: Car
A4: 33 | B4: Motorbike | C4: 7.24 | D4: =C4-C3 -> 2.04 | E4: 13.93 | F4: =D4*G4/3.6 -> 14.166667 | G4: 25 | H4: =E4/(4.8*(((G4/3.6)/16.1)+1)) -> 2.0275404 | J4: 0.2 | K4: =SLOPE($E$3:$E$27, $D$3:$D$27) * J4 + INTERCEPT($E$3:$E$27, $D$3:$D$27) -> 2.4044071 | X4: =D5 -> 2.48 | Y4: =E5 -> 13.25 | Z4: =G5 -> 22.9 | AA4: =G4 -> 25 | AB4: Car | AC4: Car
A5: 17 | B5: Car | C5: 9.72 | D5: =C5-C4 -> 2.48 | E5: 13.25 | F5: =D5*G5/3.6 -> 15.775556 | G5: 22.9 | H5: =E5/(4.8*(((G5/3.6)/16.1)+1)) -> 1.9786514 | J5: 0.4 | K5: =SLOPE($E$3:$E$27, $D$3:$D$27) * J5 + INTERCEPT($E$3:$E$27, $D$3:$D$27) -> 3.3534232 | X5: =D6 -> 1.6 | Y5: =E6 -> 9.45 | Z5: =G6 -> 20.7 | AA5: =G5 -> 22.9 | AB5: Car | AC5: Car
A6: 39 | B6: Car | C6: 11.32 | D6: =C6-C5 -> 1.6 | E6: 9.45 | F6: =D6*G6/3.6 -> 9.2 | G6: 20.7 | H6: =E6/(4.8*(((G6/3.6)/16.1)+1)) -> 1.4506579 | J6: 0.6 | K6: =SLOPE($E$3:$E$27, $D$3:$D$27) * J6 + INTERCEPT($E$3:$E$27, $D$3:$D$27) -> 4.3024392 | X6: =D7 -> 2.4 | Y6: =E7 -> 13.1 | Z6: =G7 -> 17.4 | AA6: =G6 -> 20.7
A7: 10 | B7: Car | C7: 13.72 | D7: =C7-C6 -> 2.4 | E7: 13.1 | F7: =D7*G7/3.6 -> 11.6 | G7: 17.4 | H7: =E7/(4.8*(((G7/3.6)/16.1)+1)) -> 2.0990247 | J7: 0.8 | K7: =SLOPE($E$3:$E$27, $D$3:$D$27) * J7 + INTERCEPT($E$3:$E$27, $D$3:$D$27) -> 5.2514553 | X7: =D8 -> 2.28 | Y7: =E8 -> 9.78 | Z7: =G8 -> 22.1 | AA7: =G7 -> 17.4
A8: 71 | B8: CNG | C8: 16 | D8: =C8-C7 -> 2.28 | E8: 9.78 | F8: =D8*G8/3.6 -> 13.996667 | G8: 22.1 | H8: =E8/(4.8*(((G8/3.6)/16.1)+1)) -> 1.4750625 | J8: 1 | K8: =SLOPE($E$3:$E$27, $D$3:$D$27) * J8 + INTERCEPT($E$3:$E$27, $D$3:$D$27) -> 6.2004713 | X8: =D9 -> 3.8 | Y8: =E9 -> 17.48 | Z8: =G9 -> 32.4 | AA8: =G8 -> 22.1
A9: 90 | B9: Car | C9: 19.8 | D9: =C9-C8 -> 3.8 | E9: 17.48 | F9: =D9*G9/3.6 -> 34.2 | G9: 32.4 | H9: =E9/(4.8*(((G9/3.6)/16.1)+1)) -> 2.3358898 | J9: 1.2 | K9: =SLOPE($E$3:$E$27, $D$3:$D$27) * J9 + INTERCEPT($E$3:$E$27, $D$3:$D$27) -> 7.1494873 | X9: =D10 -> 3.12 | Y9: =E10 -> 16.01 | Z9: =G10 -> 23 | AA9: =G9 -> 32.4
A10: 103 | B10: Car | C10: 22.92 | D10: =C10-C9 -> 3.12 | E10: 16.01 | F10: =D10*G10/3.6 -> 19.933333 | G10: 23 | H10: =E10/(4.8*(((G10/3.6)/16.1)+1)) -> 2.3878551 | J10: 1.4 | K10: =SLOPE($E$3:$E$27, $D$3:$D$27) * J10 + INTERCEPT($E$3:$E$27, $D$3:$D$27) -> 8.0985034 | X10: =D11 -> 0.48 | Y10: =E11 -> 3.97 | Z10: =G11 -> 19.7 | AA10: =G10 -> 23
A11: 116 | B11: Car | C11: 23.4 | D11: =C11-C10 -> 0.48 | E11: 3.97 | F11: =D11*G11/3.6 -> 2.6266667 | G11: 19.7 | H11: =E11/(4.8*(((G11/3.6)/16.1)+1)) -> 0.61727723 | J11: 1.6 | K11: =SLOPE($E$3:$E$27, $D$3:$D$27) * J11 + INTERCEPT($E$3:$E$27, $D$3:$D$27) -> 9.0475194 | X11: =D12 -> 1.72 | Y11: =E12 -> 9.49 | Z11: =G12 -> 27.3 | AA11: =G11 -> 19.7
A12: 124 | B12: Car | C12: 25.12 | D12: =C12-C11 -> 1.72 | E12: 9.49 | F12: =D12*G12/3.6 -> 13.043333 | G12: 27.3 | H12: =E12/(4.8*(((G12/3.6)/16.1)+1)) -> 1.3440271 | J12: 1.8 | K12: =SLOPE($E$3:$E$27, $D$3:$D$27) * J12 + INTERCEPT($E$3:$E$27, $D$3:$D$27) -> 9.9965355 | X12: =D13 -> 1.4 | Y12: =E13 -> 9.74 | Z12: =G13 -> 28.3 | AA12: =G12 -> 27.3
A13: 136 | B13: Car | C13: 26.52 | D13: =C13-C12 -> 1.4 | E13: 9.74 | F13: =D13*G13/3.6 -> 11.005556 | G13: 28.3 | H13: =E13/(4.8*(((G13/3.6)/16.1)+1)) -> 1.3634419 | J13: 2 | K13: =SLOPE($E$3:$E$27, $D$3:$D$27) * J13 + INTERCEPT($E$3:$E$27, $D$3:$D$27) -> 10.945552 | X13: =D14 -> 2 | Y13: =E14 -> 12.79 | Z13: =G14 -> 24.3 | AA13: =G13 -> 28.3
A14: 149 | B14: Car | C14: 28.52 | D14: =C14-C13 -> 2 | E14: 12.79 | F14: =D14*G14/3.6 -> 13.5 | G14: 24.3 | H14: =E14/(4.8*(((G14/3.6)/16.1)+1)) -> 1.8774526 | X14: =D15 -> 0.08 | Y14: =E15 -> 1.33 | Z14: =G15 -> 23.4 | AA14: =G14 -> 24.3
A15: 148 | B15: CNG | C15: 28.6 | D15: =C15-C14 -> 0.08 | E15: 1.33 | F15: =D15*G15/3.6 -> 0.52 | G15: 23.4 | H15: =E15/(4.8*(((G15/3.6)/16.1)+1)) -> 0.19739122 | J15: Time Mean Speed | X15: =D16 -> 1.72 | Y15: =E16 -> 9.07 | Z15: =G16 -> 21.4 | AA15: =G15 -> 23.4
A16: 153 | B16: Car | C16: 30.32 | D16: =C16-C15 -> 1.72 | E16: 9.07 | F16: =D16*G16/3.6 -> 10.224444 | G16: 21.4 | H16: =E16/(4.8*(((G16/3.6)/16.1)+1)) -> 1.3800435 | J16: Car | K16: =AVERAGEIFS($G$3:$G$30, $B$3:$B$30, J16, $G$3:$G$30, "<>0") -> 22.507143 | X16: =D17 -> 0.48 | Y16: =E17 -> 3.02 | Z16: =G17 -> 19.2 | AA16: =G16 -> 21.4
A17: 188 | B17: Motorbike | C17: 30.8 | D17: =C17-C16 -> 0.48 | E17: 3.02 | F17: =D17*G17/3.6 -> 2.56 | G17: 19.2 | H17: =E17/(4.8*(((G17/3.6)/16.1)+1)) -> 0.47260886 | J17: Motorbike | K17: =AVERAGEIFS($G$3:$G$30, $B$3:$B$30, J17, $G$3:$G$30, "<>0") -> 22.1 | X17: =D18 -> 2.32 | Y17: =E18 -> 11.95 | Z17: =G18 -> 27.3 | AA17: =G17 -> 19.2
A18: 179 | B18: Car | C18: 33.12 | D18: =C18-C17 -> 2.32 | E18: 11.95 | F18: =D18*G18/3.6 -> 17.593333 | G18: 27.3 | H18: =E18/(4.8*(((G18/3.6)/16.1)+1)) -> 1.6924261 | J18: CNG | K18: =AVERAGEIFS($G$3:$G$30, $B$3:$B$30, J18, $G$3:$G$30, "<>0") -> 22.75 | X18: =D19 -> 2.12 | Y18: =E19 -> 15.89 | Z18: =G19 -> 15.7 | AA18: =G18 -> 27.3
A19: 175 | B19: Car | C19: 35.24 | D19: =C19-C18 -> 2.12 | E19: 15.89 | F19: =D19*G19/3.6 -> 9.2455556 | G19: 15.7 | H19: =E19/(4.8*(((G19/3.6)/16.1)+1)) -> 2.6048296 | X19: =D20 -> 1.88 | Y19: =E20 -> 7.41 | Z19: =G20 -> 15.6 | AA19: =G19 -> 15.7
A20: 201 | B20: Car | C20: 37.12 | D20: =C20-C19 -> 1.88 | E20: 7.41 | F20: =D20*G20/3.6 -> 8.1466667 | G20: 15.6 | H20: =E20/(4.8*(((G20/3.6)/16.1)+1)) -> 1.2163642 | X20: =D21 -> 0 | Y20: =E21 -> 0 | Z20: =G21 -> 0 | AA20: =G20 -> 15.6
X21: =D22 -> 0 | Y21: =E22 -> 0 | Z21: =G22 -> 0 | AA21: =G21 -> 0
X22: =D23 -> 0 | Y22: =E23 -> 0 | Z22: =G23 -> 0 | AA22: =G22 -> 0
X23: =D24 -> 0 | Y23: =E24 -> 0 | Z23: =G24 -> 0 | AA23: =G23 -> 0
X24: =D25 -> 0 | Y24: =E25 -> 0 | Z24: =G25 -> 0 | AA24: =G24 -> 0
X25: =D26 -> 0 | Y25: =E26 -> 0 | Z25: =G26 -> 0 | AA25: =G25 -> 0
X26: =D27 -> 0 | Y26: =E27 -> 0 | Z26: =G27 -> 0 | AA26: =G26 -> 0
X27: =D28 -> 0 | Y27: =E28 -> 0 | Z27: =G28 -> 0 | AA27: =G27 -> 0
AB31: Normalizing Gap by speed | AD31: Gap
Y32: Gap/V | Z32: Headway | AB32: Headway | AC32: Gap/V | AD32: 15 | AE32: 18 | AF32: 20 | AG32: 25
A33: Lane 3 | J33: Headway | K33: Gap (m) | Y33: 0 | Z33: 0 | AB33: 0 | AC33: 0 | AD33: 0 | AE33: 0 | AF33: 0 | AG33: 0
A34: L3_ID | B34: L3_Cls | C34: L3_Time | D34: Headway | E34: L3_Gap | F34: Gap (Calc) | G34: L3_Speed | J34: 0 | K34: 0 | Y34: =E4/G4 -> 0.5572 | Z34: 0.4 | AB34: 0.2 | AC34: =SLOPE($Y$33:$Y$57, $Z$33:$Z$57) * AB34 + INTERCEPT($Y$33:$Y$57, $Z$33:$Z$57) -> #DIV/0! | AD34: =$AD$32*AC34 -> #DIV/0! | AE34: =$AE$32*AC34 -> #DIV/0! | AF34: =$AF$32*AC34 -> #DIV/0! | AG34: =$AG$32*AC34 -> #DIV/0!
A35: 7 | B35: CNG | C35: 3.72 | D35: 0 | E35: 0 | F35: 0 | G35: 15.3 | J35: 0.2 | K35: =SLOPE($E$35:$E$58, $D$35:$D$58) * J35 + INTERCEPT($E$35:$E$58, $D$35:$D$58) -> 2.5671192 | Y35: =E5/G5 -> 0.57860262 | Z35: 1.04 | AB35: 0.4 | AC35: =SLOPE($Y$33:$Y$57, $Z$33:$Z$57) * AB35 + INTERCEPT($Y$33:$Y$57, $Z$33:$Z$57) -> #DIV/0! | AD35: =$AD$32*AC35 -> #DIV/0! | AE35: =$AE$32*AC35 -> #DIV/0! | AF35: =$AF$32*AC35 -> #DIV/0! | AG35: =$AG$32*AC35 -> #DIV/0!
A36: 3 | B36: Car | C36: 5.44 | D36: =C36-C35 -> 1.72 | E36: 3.93 | F36: =D36*G36/3.6 -> 8.8388889 | G36: 18.5 | J36: 0.4 | K36: =SLOPE($E$35:$E$58, $D$35:$D$58) * J36 + INTERCEPT($E$35:$E$58, $D$35:$D$58) -> 3.4023384 | Y36: =E6/G6 -> 0.45652174 | Z36: 1.16 | AB36: 0.6 | AC36: =SLOPE($Y$33:$Y$57, $Z$33:$Z$57) * AB36 + INTERCEPT($Y$33:$Y$57, $Z$33:$Z$57) -> #DIV/0! | AD36: =$AD$32*AC36 -> #DIV/0! | AE36: =$AE$32*AC36 -> #DIV/0! | AF36: =$AF$32*AC36 -> #DIV/0! | AG36: =$AG$32*AC36 -> #DIV/0!
A37: 33 | B37: Motorbike | C37: 7.44 | D37: =C37-C36 -> 2 | E37: 13.48 | F37: =D37*G37/3.6 -> 14.722222 | G37: 26.5 | J37: 0.6 | K37: =SLOPE($E$35:$E$58, $D$35:$D$58) * J37 + INTERCEPT($E$35:$E$58, $D$35:$D$58) -> 4.2375576 | Y37: =E7/G7 -> 0.75287356 | Z37: 1.24 | AB37: 0.8 | AC37: =SLOPE($Y$33:$Y$57, $Z$33:$Z$57) * AB37 + INTERCEPT($Y$33:$Y$57, $Z$33:$Z$57) -> #DIV/0! | AD37: =$AD$32*AC37 -> #DIV/0! | AE37: =$AE$32*AC37 -> #DIV/0! | AF37: =$AF$32*AC37 -> #DIV/0! | AG37: =$AG$32*AC37 -> #DIV/0!
A38: 9 | B38: CNG | C38: 7.52 | D38: =C38-C37 -> 0.08 | E38: 1.58 | F38: =D38*G38/3.6 -> 0.36888889 | G38: 16.6 | J38: 0.8 | K38: =SLOPE($E$35:$E$58, $D$35:$D$58) * J38 + INTERCEPT($E$35:$E$58, $D$35:$D$58) -> 5.0727768 | Y38: =E8/G8 -> 0.44253394 | Z38: 2.16 | AB38: 1 | AC38: =SLOPE($Y$33:$Y$57, $Z$33:$Z$57) * AB38 + INTERCEPT($Y$33:$Y$57, $Z$33:$Z$57) -> #DIV/0! | AD38: =$AD$32*AC38 -> #DIV/0! | AE38: =$AE$32*AC38 -> #DIV/0! | AF38: =$AF$32*AC38 -> #DIV/0! | AG38: =$AG$32*AC38 -> #DIV/0!
A39: 30 | B39: Car | C39: 9.92 | D39: =C39-C38 -> 2.4 | E39: 10.51 | F39: =D39*G39/3.6 -> 14.2 | G39: 21.3 | J39: 1 | K39: =SLOPE($E$35:$E$58, $D$35:$D$58) * J39 + INTERCEPT($E$35:$E$58, $D$35:$D$58) -> 5.907996 | Y39: =E9/G9 -> 0.53950617 | Z39: 2.64 | AB39: 1.2 | AC39: =SLOPE($Y$33:$Y$57, $Z$33:$Z$57) * AB39 + INTERCEPT($Y$33:$Y$57, $Z$33:$Z$57) -> #DIV/0! | AD39: =$AD$32*AC39 -> #DIV/0! | AE39: =$AE$32*AC39 -> #DIV/0! | AF39: =$AF$32*AC39 -> #DIV/0! | AG39: =$AG$32*AC39 -> #DIV/0!
A40: 56 | B40: Car | C40: 11.4 | D40: =C40-C39 -> 1.48 | E40: 9.99 | F40: =D40*G40/3.6 -> 9.7844444 | G40: 23.8 | J40: 1.2 | K40: =SLOPE($E$35:$E$58, $D$35:$D$58) * J40 + INTERCEPT($E$35:$E$58, $D$35:$D$58) -> 6.7432152 | Y40: =E10/G10 -> 0.69608696 | Z40: 2.2 | AB40: 1.4 | AC40: =SLOPE($Y$33:$Y$57, $Z$33:$Z$57) * AB40 + INTERCEPT($Y$33:$Y$57, $Z$33:$Z$57) -> #DIV/0! | AD40: =$AD$32*AC40 -> #DIV/0! | AE40: =$AE$32*AC40 -> #DIV/0! | AF40: =$AF$32*AC40 -> #DIV/0! | AG40: =$AG$32*AC40 -> #DIV/0!
A41: 68 | B41: Car | C41: 13.44 | D41: =C41-C40 -> 2.04 | E41: 12.84 | F41: =D41*G41/3.6 -> 13.94 | G41: 24.6 | J41: 1.4 | K41: =SLOPE($E$35:$E$58, $D$35:$D$58) * J41 + INTERCEPT($E$35:$E$58, $D$35:$D$58) -> 7.5784345 | Y41: =E11/G11 -> 0.20152284 | Z41: 2.68 | AB41: 1.6 | AC41: =SLOPE($Y$33:$Y$57, $Z$33:$Z$57) * AB41 + INTERCEPT($Y$33:$Y$57, $Z$33:$Z$57) -> #DIV/0! | AD41: =$AD$32*AC41 -> #DIV/0! | AE41: =$AE$32*AC41 -> #DIV/0! | AF41: =$AF$32*AC41 -> #DIV/0! | AG41: =$AG$32*AC41 -> #DIV/0!
A42: 77 | B42: CNG | C42: 14.64 | D42: =C42-C41 -> 1.2 | E42: 8.37 | F42: =D42*G42/3.6 -> 10.366667 | G42: 31.1 | J42: 1.6 | K42: =SLOPE($E$35:$E$58, $D$35:$D$58) * J42 + INTERCEPT($E$35:$E$58, $D$35:$D$58) -> 8.4136537 | Y42: =E12/G12 -> 0.34761905 | Z42: 1.48 | AB42: 1.8 | AC42: =SLOPE($Y$33:$Y$57, $Z$33:$Z$57) * AB42 + INTERCEPT($Y$33:$Y$57, $Z$33:$Z$57) -> #DIV/0! | AD42: =$AD$32*AC42 -> #DIV/0! | AE42: =$AE$32*AC42 -> #DIV/0! | AF42: =$AF$32*AC42 -> #DIV/0! | AG42: =$AG$32*AC42 -> #DIV/0!
A43: 65 | B43: Motorbike | C43: 14.92 | D43: =C43-C42 -> 0.28 | E43: 1.08 | F43: =D43*G43/3.6 -> 2.8077778 | G43: 36.1 | J43: 1.8 | K43: =SLOPE($E$35:$E$58, $D$35:$D$58) * J43 + INTERCEPT($E$35:$E$58, $D$35:$D$58) -> 9.2488729 | Y43: =E13/G13 -> 0.34416961 | Z43: 1.64 | AB43: 2 | AC43: =SLOPE($Y$33:$Y$57, $Z$33:$Z$57) * AB43 + INTERCEPT($Y$33:$Y$57, $Z$33:$Z$57) -> #DIV/0! | AD43: =$AD$32*AC43 -> #DIV/0! | AE43: =$AE$32*AC43 -> #DIV/0! | AF43: =$AF$32*AC43 -> #DIV/0! | AG43: =$AG$32*AC43 -> #DIV/0!
A44: 62 | B44: Car | C44: 16.04 | D44: =C44-C43 -> 1.12 | E44: 9.02 | F44: =D44*G44/3.6 -> 7.0622222 | G44: 22.7 | J44: 2 | K44: =SLOPE($E$35:$E$58, $D$35:$D$58) * J44 + INTERCEPT($E$35:$E$58, $D$35:$D$58) -> 10.084092 | Y44: =E14/G14 -> 0.52633745 | Z44: 1.68
A45: 89 | B45: Motorbike | C45: 17.32 | D45: =C45-C44 -> 1.28 | E45: 7.91 | F45: =D45*G45/3.6 -> 11.626667 | G45: 32.7 | Y45: =E15/G15 -> 0.056837607 | Z45: 1.68
A46: 79 | B46: CNG | C46: 18.6 | D46: =C46-C45 -> 1.28 | E46: 7.66 | F46: =D46*G46/3.6 -> 7.4311111 | G46: 20.9 | J46: Time Mean Speed | Y46: =E16/G16 -> 0.42383178 | Z46: 1
A47: 95 | B47: Motorbike | C47: 20.12 | D47: =C47-C46 -> 1.52 | E47: 10.08 | F47: =D47*G47/3.6 -> 8.9933333 | G47: 21.3 | J47: Car | K47: =AVERAGEIFS($G$35:$G$80, $B$35:$B$80, J47, $G$35:$G$80, "<>0") -> 20.775 | Y47: =E17/G17 -> 0.15729167 | Z47: 3.44
A48: 115 | B48: Motorbike | C48: 21.12 | D48: =C48-C47 -> 1 | E48: 5.8 | F48: =D48*G48/3.6 -> 7.3333333 | G48: 26.4 | J48: Motorbike | K48: =AVERAGEIFS($G$35:$G$80, $B$35:$B$80, J48, $G$35:$G$80, "<>0") -> 25.911111 | Y48: =E18/G18 -> 0.43772894 | Z48: 1.2
A49: 102 | B49: Car | C49: 24.44 | D49: =C49-C48 -> 3.32 | E49: 12.88 | F49: =D49*G49/3.6 -> 21.58 | G49: 23.4 | J49: CNG | K49: =AVERAGEIFS($G$35:$G$80, $B$35:$B$80, J49, $G$35:$G$80, "<>0") -> 19.6 | Y49: =E19/G19 -> 1.0121019 | Z49: 2.68
A50: 136 | B50: Car | C50: 26.72 | D50: =C50-C49 -> 2.28 | E50: 11.84 | F50: =D50*G50/3.6 -> 17.543333 | G50: 27.7 | Y50: =E20/G20 -> 0.475 | Z50: 1.6
A51: 157 | B51: Motorbike | C51: 30.12 | D51: =C51-C50 -> 3.4 | E51: 14.54 | F51: =D51*G51/3.6 -> 20.494444 | G51: 21.7 | Y51: =E21/G21 -> #DIV/0! | Z51: 1.6
A52: 169 | B52: CNG | C52: 30.8 | D52: =C52-C51 -> 0.68 | E52: 4.81 | F52: =D52*G52/3.6 -> 3.0222222 | G52: 16 | Y52: =E22/G22 -> #DIV/0! | Z52: 1.2
A53: 188 | B53: Motorbike | C53: 31 | D53: =C53-C52 -> 0.2 | E53: 0.51 | F53: =D53*G53/3.6 -> 1.2277778 | G53: 22.1 | Y53: =E23/G23 -> #DIV/0! | Z53: 0.8
F54: =D54*G54/3.6 -> 0 | Y54: =E24/G24 -> #DIV/0! | Z54: 1.48
A55: 199 | B55: Motorbike | C55: 31.92 | E55: -1.88 | F55: =D55*G55/3.6 -> 0 | G55: 16.4 | Y55: =E25/G25 -> #DIV/0! | Z55: 0.8
A56: 178 | B56: CNG | C56: 32.84 | E56: 4.17 | G56: 17.7 | Y56: =E26/G26 -> #DIV/0! | Z56: 6
A57: 155 | B57: Car | C57: 34.2 | E57: 7.45 | G57: 4.2
A58: 233 | B58: Motorbike | C58: 34.72 | E58: 2.55 | G58: 0
A59: 237 | B59: Motorbike | C59: 37.12 | E59: 2.26 | G59: 30

Sheet 13.04
A1: Lane 2 | X1: Headway | Z1: Speed | AB1: Vehicle Type
A2: L2_ID | B2: L2_Cls | C2: L2_Time | D2: Headway | E2: L2_Gap | F2: Gap (Calc) | G2: L2_Speed | J2: Headway | K2: Gap (m) | X2: Time | Y2: Gap | Z2: Leader | AA2: Follower | AB2: Leader | AC2: Follower
A3: 3 | B3: Car | C3: 0.52 | D3: 0 | E3: 0 | F3: 0 | G3: 0 | J3: 0 | K3: 0 | X3: =D4 -> 2.32 | Y3: =E4 -> 13.52 | Z3: =G4 -> 21.3 | AA3: =G3 -> 0 | AB3: Car | AC3: Car
A4: 5 | B4: Car | C4: 2.84 | D4: =C4-C3 -> 2.32 | E4: 13.52 | F4: =D4*G4/3.6 -> 13.726667 | G4: 21.3 | J4: 0.2 | K4: =SLOPE($E$3:$E$27, $D$3:$D$27) * J4 + INTERCEPT($E$3:$E$27, $D$3:$D$27) -> 1.9032697 | X4: =D5 -> 2 | Y4: =E5 -> 11.45 | Z4: =G5 -> 17.2 | AA4: =G4 -> 21.3 | AB4: Car | AC4: Car
A5: 11 | B5: Car | C5: 4.84 | D5: =C5-C4 -> 2 | E5: 11.45 | F5: =D5*G5/3.6 -> 9.5555556 | G5: 17.2 | J5: 0.4 | K5: =SLOPE($E$3:$E$27, $D$3:$D$27) * J5 + INTERCEPT($E$3:$E$27, $D$3:$D$27) -> 2.8584312 | X5: =D6 -> 1.28 | Y5: =E6 -> 7.14 | Z5: =G6 -> 24.9 | AA5: =G5 -> 17.2 | AB5: Car | AC5: Car
A6: 31 | B6: Car | C6: 6.12 | D6: =C6-C5 -> 1.28 | E6: 7.14 | F6: =D6*G6/3.6 -> 8.8533333 | G6: 24.9 | J6: 0.6 | K6: =SLOPE($E$3:$E$27, $D$3:$D$27) * J6 + INTERCEPT($E$3:$E$27, $D$3:$D$27) -> 3.8135928 | X6: =D7 -> 3.6 | Y6: =E7 -> 17.43 | Z6: =G7 -> 17.9 | AA6: =G6 -> 24.9
A7: 32 | B7: Car | C7: 9.72 | D7: =C7-C6 -> 3.6 | E7: 17.43 | F7: =D7*G7/3.6 -> 17.9 | G7: 17.9 | J7: 0.8 | K7: =SLOPE($E$3:$E$27, $D$3:$D$27) * J7 + INTERCEPT($E$3:$E$27, $D$3:$D$27) -> 4.7687543 | X7: =D8 -> 2.08 | Y7: =E8 -> 10.81 | Z7: =G8 -> 20.2 | AA7: =G7 -> 17.9
A8: 48 | B8: Car | C8: 11.8 | D8: =C8-C7 -> 2.08 | E8: 10.81 | F8: =D8*G8/3.6 -> 11.671111 | G8: 20.2 | J8: 1 | K8: =SLOPE($E$3:$E$27, $D$3:$D$27) * J8 + INTERCEPT($E$3:$E$27, $D$3:$D$27) -> 5.7239159 | X8: =D9 -> 2.12 | Y8: =E9 -> 9.74 | Z8: =G9 -> 15 | AA8: =G8 -> 20.2
A9: 52 | B9: Truck | C9: 13.92 | D9: =C9-C8 -> 2.12 | E9: 9.74 | F9: =D9*G9/3.6 -> 8.8333333 | G9: 15 | J9: 1.2 | K9: =SLOPE($E$3:$E$27, $D$3:$D$27) * J9 + INTERCEPT($E$3:$E$27, $D$3:$D$27) -> 6.6790774 | X9: =D10 -> 1.08 | Y9: =E10 -> 3.23 | Z9: =G10 -> 14.2 | AA9: =G9 -> 15
A10: 62 | B10: Car | C10: 15 | D10: =C10-C9 -> 1.08 | E10: 3.23 | F10: =D10*G10/3.6 -> 4.26 | G10: 14.2 | J10: 1.4 | K10: =SLOPE($E$3:$E$27, $D$3:$D$27) * J10 + INTERCEPT($E$3:$E$27, $D$3:$D$27) -> 7.634239 | X10: =D11 -> 3.2 | Y10: =E11 -> 15.32 | Z10: =G11 -> 20.5 | AA10: =G10 -> 14.2
A11: 76 | B11: Car | C11: 18.2 | D11: =C11-C10 -> 3.2 | E11: 15.32 | F11: =D11*G11/3.6 -> 18.222222 | G11: 20.5 | J11: 1.6 | K11: =SLOPE($E$3:$E$27, $D$3:$D$27) * J11 + INTERCEPT($E$3:$E$27, $D$3:$D$27) -> 8.5894005 | X11: =D12 -> 2.24 | Y11: =E12 -> 10.55 | Z11: =G12 -> 19.3 | AA11: =G11 -> 20.5
A12: 107 | B12: Car | C12: 20.44 | D12: =C12-C11 -> 2.24 | E12: 10.55 | F12: =D12*G12/3.6 -> 12.008889 | G12: 19.3 | J12: 1.8 | K12: =SLOPE($E$3:$E$27, $D$3:$D$27) * J12 + INTERCEPT($E$3:$E$27, $D$3:$D$27) -> 9.5445621 | X12: =D13 -> 1.6 | Y12: =E13 -> 8.68 | Z12: =G13 -> 22.2 | AA12: =G12 -> 19.3
A13: 105 | B13: Car | C13: 22.04 | D13: =C13-C12 -> 1.6 | E13: 8.68 | F13: =D13*G13/3.6 -> 9.8666667 | G13: 22.2 | J13: 2 | K13: =SLOPE($E$3:$E$27, $D$3:$D$27) * J13 + INTERCEPT($E$3:$E$27, $D$3:$D$27) -> 10.499724 | X13: =D14 -> 1.68 | Y13: =E14 -> 10.74 | Z13: =G14 -> 22.9 | AA13: =G13 -> 22.2
A14: 116 | B14: Car | C14: 23.72 | D14: =C14-C13 -> 1.68 | E14: 10.74 | F14: =D14*G14/3.6 -> 10.686667 | G14: 22.9 | X14: =D15 -> 2 | Y14: =E15 -> 11.23 | Z14: =G15 -> 20.2 | AA14: =G14 -> 22.9
A15: 123 | B15: Car | C15: 25.72 | D15: =C15-C14 -> 2 | E15: 11.23 | F15: =D15*G15/3.6 -> 11.222222 | G15: 20.2 | J15: Time Mean Speed | X15: =D16 -> 1.4 | Y15: =E16 -> 10.47 | Z15: =G16 -> 20.8 | AA15: =G15 -> 20.2
A16: 169 | B16: Car | C16: 27.12 | D16: =C16-C15 -> 1.4 | E16: 10.47 | F16: =D16*G16/3.6 -> 8.0888889 | G16: 20.8 | J16: Car | K16: =AVERAGEIFS($G$3:$G$30, $B$3:$B$30, J16, $G$3:$G$30, "<>0") -> 20.133333 | X16: =D17 -> 0 | Y16: =E17 -> 0 | Z16: =G17 -> 0 | AA16: =G16 -> 20.8
J17: Motorbike | K17: =AVERAGEIFS($G$3:$G$30, $B$3:$B$30, J17, $G$3:$G$30, "<>0") -> #DIV/0! | X17: =D18 -> 0 | Y17: =E18 -> 0 | Z17: =G18 -> 0 | AA17: =G17 -> 0
J18: CNG | K18: =AVERAGEIFS($G$3:$G$30, $B$3:$B$30, J18, $G$3:$G$30, "<>0") -> #DIV/0! | X18: =D19 -> 0 | Y18: =E19 -> 0 | Z18: =G19 -> 0 | AA18: =G18 -> 0
X19: =D20 -> 0 | Y19: =E20 -> 0 | Z19: =G20 -> 0 | AA19: =G19 -> 0
X20: =D21 -> 0 | Y20: =E21 -> 0 | Z20: =G21 -> 0 | AA20: =G20 -> 0
X21: =D22 -> 0 | Y21: =E22 -> 0 | Z21: =G22 -> 0 | AA21: =G21 -> 0
X22: =D23 -> 0 | Y22: =E23 -> 0 | Z22: =G23 -> 0 | AA22: =G22 -> 0
X23: =D24 -> 0 | Y23: =E24 -> 0 | Z23: =G24 -> 0 | AA23: =G23 -> 0
X24: =D25 -> 0 | Y24: =E25 -> 0 | Z24: =G25 -> 0 | AA24: =G24 -> 0
X25: =D26 -> 0 | Y25: =E26 -> 0 | Z25: =G26 -> 0 | AA25: =G25 -> 0
X26: =D27 -> 0 | Y26: =E27 -> 0 | Z26: =G27 -> 0 | AA26: =G26 -> 0
X27: =D28 -> 0 | Y27: =E28 -> 0 | Z27: =G28 -> 0 | AA27: =G27 -> 0
AB31: Normalizing Gap by speed | AD31: Gap
Y32: Gap/V | Z32: Headway | AB32: Headway | AC32: Gap/V | AD32: 15 | AE32: 18 | AF32: 20 | AG32: 25
A33: Lane 3 | J33: Headway | K33: Gap (m) | Y33: 0 | Z33: 0 | AB33: 0 | AC33: 0 | AD33: 0 | AE33: 0 | AF33: 0 | AG33: 0
A34: L3_ID | B34: L3_Cls | C34: L3_Time | D34: Headway | E34: L3_Gap | F34: Gap (Calc) | G34: L3_Speed | J34: 0 | K34: 0 | Y34: =E4/G4 -> 0.63474178 | Z34: 0.4 | AB34: 0.2 | AC34: =SLOPE($Y$33:$Y$57, $Z$33:$Z$57) * AB34 + INTERCEPT($Y$33:$Y$57, $Z$33:$Z$57) -> #DIV/0! | AD34: =$AD$32*AC34 -> #DIV/0! | AE34: =$AE$32*AC34 -> #DIV/0! | AF34: =$AF$32*AC34 -> #DIV/0! | AG34: =$AG$32*AC34 -> #DIV/0!
A35: 3 | B35: Car | C35: 0.72 | D35: 0 | E35: 0 | F35: 0 | G35: 18.8 | J35: 0.2 | K35: =SLOPE($E$35:$E$58, $D$35:$D$58) * J35 + INTERCEPT($E$35:$E$58, $D$35:$D$58) -> 7.0408738 | Y35: =E5/G5 -> 0.66569767 | Z35: 1.04 | AB35: 0.4 | AC35: =SLOPE($Y$33:$Y$57, $Z$33:$Z$57) * AB35 + INTERCEPT($Y$33:$Y$57, $Z$33:$Z$57) -> #DIV/0! | AD35: =$AD$32*AC35 -> #DIV/0! | AE35: =$AE$32*AC35 -> #DIV/0! | AF35: =$AF$32*AC35 -> #DIV/0! | AG35: =$AG$32*AC35 -> #DIV/0!
A36: 5 | B36: Car | C36: 3.04 | D36: =C36-C35 -> 2.32 | E36: 13.53 | F36: =D36*G36/3.6 -> 12.695556 | G36: 19.7 | J36: 0.4 | K36: =SLOPE($E$35:$E$58, $D$35:$D$58) * J36 + INTERCEPT($E$35:$E$58, $D$35:$D$58) -> 7.2692705 | Y36: =E6/G6 -> 0.28674699 | Z36: 1.16 | AB36: 0.6 | AC36: =SLOPE($Y$33:$Y$57, $Z$33:$Z$57) * AB36 + INTERCEPT($Y$33:$Y$57, $Z$33:$Z$57) -> #DIV/0! | AD36: =$AD$32*AC36 -> #DIV/0! | AE36: =$AE$32*AC36 -> #DIV/0! | AF36: =$AF$32*AC36 -> #DIV/0! | AG36: =$AG$32*AC36 -> #DIV/0!
A37: 12 | B37: Motorbike | C37: 4.2 | D37: =C37-C36 -> 1.16 | E37: 9.92 | F37: =D37*G37/3.6 -> 6.5733333 | G37: 20.4 | J37: 0.6 | K37: =SLOPE($E$35:$E$58, $D$35:$D$58) * J37 + INTERCEPT($E$35:$E$58, $D$35:$D$58) -> 7.4976672 | Y37: =E7/G7 -> 0.97374302 | Z37: 1.24 | AB37: 0.8 | AC37: =SLOPE($Y$33:$Y$57, $Z$33:$Z$57) * AB37 + INTERCEPT($Y$33:$Y$57, $Z$33:$Z$57) -> #DIV/0! | AD37: =$AD$32*AC37 -> #DIV/0! | AE37: =$AE$32*AC37 -> #DIV/0! | AF37: =$AF$32*AC37 -> #DIV/0! | AG37: =$AG$32*AC37 -> #DIV/0!
A38: 11 | B38: Car | C38: 5.2 | D38: =C38-C37 -> 1 | E38: 2.99 | F38: =D38*G38/3.6 -> 4.9444444 | G38: 17.8 | J38: 0.8 | K38: =SLOPE($E$35:$E$58, $D$35:$D$58) * J38 + INTERCEPT($E$35:$E$58, $D$35:$D$58) -> 7.7260639 | Y38: =E8/G8 -> 0.53514851 | Z38: 2.16 | AB38: 1 | AC38: =SLOPE($Y$33:$Y$57, $Z$33:$Z$57) * AB38 + INTERCEPT($Y$33:$Y$57, $Z$33:$Z$57) -> #DIV/0! | AD38: =$AD$32*AC38 -> #DIV/0! | AE38: =$AE$32*AC38 -> #DIV/0! | AF38: =$AF$32*AC38 -> #DIV/0! | AG38: =$AG$32*AC38 -> #DIV/0!
A39: 38 | B39: Car | C39: 7.2 | D39: =C39-C38 -> 2 | E39: 11.8 | F39: =D39*G39/3.6 -> 10.722222 | G39: 19.3 | J39: 1 | K39: =SLOPE($E$35:$E$58, $D$35:$D$58) * J39 + INTERCEPT($E$35:$E$58, $D$35:$D$58) -> 7.9544606 | Y39: =E9/G9 -> 0.64933333 | Z39: 2.64 | AB39: 1.2 | AC39: =SLOPE($Y$33:$Y$57, $Z$33:$Z$57) * AB39 + INTERCEPT($Y$33:$Y$57, $Z$33:$Z$57) -> #DIV/0! | AD39: =$AD$32*AC39 -> #DIV/0! | AE39: =$AE$32*AC39 -> #DIV/0! | AF39: =$AF$32*AC39 -> #DIV/0! | AG39: =$AG$32*AC39 -> #DIV/0!
A40: 43 | B40: Car | C40: 9 | D40: =C40-C39 -> 1.8 | E40: 10.47 | F40: =D40*G40/3.6 -> 8.8 | G40: 17.6 | J40: 1.2 | K40: =SLOPE($E$35:$E$58, $D$35:$D$58) * J40 + INTERCEPT($E$35:$E$58, $D$35:$D$58) -> 8.1828573 | Y40: =E10/G10 -> 0.22746479 | Z40: 2.2 | AB40: 1.4 | AC40: =SLOPE($Y$33:$Y$57, $Z$33:$Z$57) * AB40 + INTERCEPT($Y$33:$Y$57, $Z$33:$Z$57) -> #DIV/0! | AD40: =$AD$32*AC40 -> #DIV/0! | AE40: =$AE$32*AC40 -> #DIV/0! | AF40: =$AF$32*AC40 -> #DIV/0! | AG40: =$AG$32*AC40 -> #DIV/0!
A41: 60 | B41: Car | C41: 10.8 | D41: =C41-C40 -> 1.8 | E41: 9.3 | F41: =D41*G41/3.6 -> 8.8 | G41: 17.6 | J41: 1.4 | K41: =SLOPE($E$35:$E$58, $D$35:$D$58) * J41 + INTERCEPT($E$35:$E$58, $D$35:$D$58) -> 8.411254 | Y41: =E11/G11 -> 0.74731707 | Z41: 2.68 | AB41: 1.6 | AC41: =SLOPE($Y$33:$Y$57, $Z$33:$Z$57) * AB41 + INTERCEPT($Y$33:$Y$57, $Z$33:$Z$57) -> #DIV/0! | AD41: =$AD$32*AC41 -> #DIV/0! | AE41: =$AE$32*AC41 -> #DIV/0! | AF41: =$AF$32*AC41 -> #DIV/0! | AG41: =$AG$32*AC41 -> #DIV/0!
A42: 61 | B42: Car | C42: 12.84 | D42: =C42-C41 -> 2.04 | E42: 11.75 | F42: =D42*G42/3.6 -> 8.5566667 | G42: 15.1 | J42: 1.6 | K42: =SLOPE($E$35:$E$58, $D$35:$D$58) * J42 + INTERCEPT($E$35:$E$58, $D$35:$D$58) -> 8.6396507 | Y42: =E12/G12 -> 0.54663212 | Z42: 1.48 | AB42: 1.8 | AC42: =SLOPE($Y$33:$Y$57, $Z$33:$Z$57) * AB42 + INTERCEPT($Y$33:$Y$57, $Z$33:$Z$57) -> #DIV/0! | AD42: =$AD$32*AC42 -> #DIV/0! | AE42: =$AE$32*AC42 -> #DIV/0! | AF42: =$AF$32*AC42 -> #DIV/0! | AG42: =$AG$32*AC42 -> #DIV/0!
A43: 71 | B43: Car | C43: 16.52 | D43: =C43-C42 -> 3.68 | E43: 15.47 | F43: =D43*G43/3.6 -> 23.715556 | G43: 23.2 | J43: 1.8 | K43: =SLOPE($E$35:$E$58, $D$35:$D$58) * J43 + INTERCEPT($E$35:$E$58, $D$35:$D$58) -> 8.8680474 | Y43: =E13/G13 -> 0.39099099 | Z43: 1.64 | AB43: 2 | AC43: =SLOPE($Y$33:$Y$57, $Z$33:$Z$57) * AB43 + INTERCEPT($Y$33:$Y$57, $Z$33:$Z$57) -> #DIV/0! | AD43: =$AD$32*AC43 -> #DIV/0! | AE43: =$AE$32*AC43 -> #DIV/0! | AF43: =$AF$32*AC43 -> #DIV/0! | AG43: =$AG$32*AC43 -> #DIV/0!
A44: 89 | B44: CNG | C44: 18.2 | D44: =C44-C43 -> 1.68 | E44: 8.01 | F44: =D44*G44/3.6 -> 7.84 | G44: 16.8 | J44: 2 | K44: =SLOPE($E$35:$E$58, $D$35:$D$58) * J44 + INTERCEPT($E$35:$E$58, $D$35:$D$58) -> 9.0964441 | Y44: =E14/G14 -> 0.46899563 | Z44: 1.68
A45: 113 | B45: Car | C45: 22.12 | D45: =C45-C44 -> 3.92 | E45: 13.97 | F45: =D45*G45/3.6 -> 20.362222 | G45: 18.7 | Y45: =E15/G15 -> 0.55594059 | Z45: 1.68
J46: Time Mean Speed | Y46: =E16/G16 -> 0.50336538 | Z46: 1
A47: 130 | B47: Car | C47: 24.52 | E47: 4.9 | F47: =D47*G47/3.6 -> 0 | G47: 12.6 | J47: Car | K47: =AVERAGEIFS($G$35:$G$80, $B$35:$B$80, J47, $G$35:$G$80, "<>0") -> 17.209091 | Y47: =E17/G17 -> #DIV/0! | Z47: 3.44
A48: 145 | B48: CNG | C48: 26.4 | D48: =C48-C47 -> 1.88 | E48: 9.16 | F48: =D48*G48/3.6 -> 9.6088889 | G48: 18.4 | J48: Motorbike | K48: =AVERAGEIFS($G$35:$G$80, $B$35:$B$80, J48, $G$35:$G$80, "<>0") -> 20.4 | Y48: =E18/G18 -> #DIV/0! | Z48: 1.2
A49: 156 | B49: CNG | C49: 27.52 | D49: =C49-C48 -> 1.12 | E49: 6.39 | F49: =D49*G49/3.6 -> 6.2222222 | G49: 20 | J49: CNG | K49: =AVERAGEIFS($G$35:$G$80, $B$35:$B$80, J49, $G$35:$G$80, "<>0") -> 18.4 | Y49: =E19/G19 -> #DIV/0! | Z49: 2.68
A50: 157 | B50: Car | C50: 34.64 | D50: =C50-C49 -> 7.12 | E50: 8.61 | F50: =D50*G50/3.6 -> 17.602222 | G50: 8.9 | Y50: =E20/G20 -> #DIV/0! | Z50: 1.6
Y51: =E21/G21 -> #DIV/0! | Z51: 1.6
Y52: =E22/G22 -> #DIV/0! | Z52: 1.2
Y53: =E23/G23 -> #DIV/0! | Z53: 0.8
Y54: =E24/G24 -> #DIV/0! | Z54: 1.48
Y55: =E25/G25 -> #DIV/0! | Z55: 0.8
Y56: =E26/G26 -> #DIV/0! | Z56: 6

Sheet 17.02
A1: Lane 2 | X1: Headway | Z1: Speed | AB1: Vehicle Type
A2: L2_ID | B2: L2_Cls | C2: L2_Time | D2: Headway | E2: L2_Gap | F2: Gap (Calc) | G2: L2_Speed | J2: Headway | K2: Gap (m) | X2: Time | Y2: Gap | Z2: Leader | AA2: Follower | AB2: Leader | AC2: Follower
A3: 2 | B3: Car | C3: 1.28 | D3: 0 | E3: 0 | F3: 0 | G3: 23.4 | J3: 0 | K3: 0 | X3: =D4 -> 1.72 | Y3: =E4 -> 11.84 | Z3: =G4 -> 24.9 | AA3: =G3 -> 23.4 | AB3: Car | AC3: Car
A4: 3 | B4: Car | C4: 3 | D4: =C4-C3 -> 1.72 | E4: 11.84 | F4: =D4*G4/3.6 -> 11.896667 | G4: 24.9 | J4: 0.2 | K4: =SLOPE($E$3:$E$17, $D$3:$D$17) * J4 + INTERCEPT($E$3:$E$17, $D$3:$D$17) -> 4.6274072 | X4: =D5 -> 1.72 | Y4: =E5 -> 10.9 | Z4: =G5 -> 18.5 | AA4: =G4 -> 24.9 | AB4: Car | AC4: Car
A5: 14 | B5: Car | C5: 4.72 | D5: =C5-C4 -> 1.72 | E5: 10.9 | F5: =D5*G5/3.6 -> 8.8388889 | G5: 18.5 | J5: 0.4 | K5: =SLOPE($E$3:$E$17, $D$3:$D$17) * J5 + INTERCEPT($E$3:$E$17, $D$3:$D$17) -> 5.149136 | X5: =D6 -> 1.96 | Y5: =E6 -> 7.47 | Z5: =G6 -> 15 | AA5: =G5 -> 18.5 | AB5: Car | AC5: Car
A6: 10 | B6: Car | C6: 6.68 | D6: =C6-C5 -> 1.96 | E6: 7.47 | F6: =D6*G6/3.6 -> 8.1666667 | G6: 15 | J6: 0.6 | K6: =SLOPE($E$3:$E$17, $D$3:$D$17) * J6 + INTERCEPT($E$3:$E$17, $D$3:$D$17) -> 5.6708647 | X6: =D7 -> 1.24 | Y6: =E7 -> 8.75 | Z6: =G7 -> 19.4 | AA6: =G6 -> 15
A7: 11 | B7: Car | C7: 7.92 | D7: =C7-C6 -> 1.24 | E7: 8.75 | F7: =D7*G7/3.6 -> 6.6822222 | G7: 19.4 | J7: 0.8 | K7: =SLOPE($E$3:$E$17, $D$3:$D$17) * J7 + INTERCEPT($E$3:$E$17, $D$3:$D$17) -> 6.1925935 | X7: =D8 -> 1.2 | Y7: =E8 -> 4.05 | Z7: =G8 -> 18 | AA7: =G7 -> 19.4
A8: 18 | B8: Car | C8: 9.12 | D8: =C8-C7 -> 1.2 | E8: 4.05 | F8: =D8*G8/3.6 -> 6 | G8: 18 | J8: 1 | K8: =SLOPE($E$3:$E$17, $D$3:$D$17) * J8 + INTERCEPT($E$3:$E$17, $D$3:$D$17) -> 6.7143222 | X8: =D9 -> 4.56 | Y8: =E9 -> 16.53 | Z8: =G9 -> 25.4 | AA8: =G8 -> 18
A9: 45 | B9: Car | C9: 13.68 | D9: =C9-C8 -> 4.56 | E9: 16.53 | F9: =D9*G9/3.6 -> 32.173333 | G9: 25.4 | J9: 1.2 | K9: =SLOPE($E$3:$E$17, $D$3:$D$17) * J9 + INTERCEPT($E$3:$E$17, $D$3:$D$17) -> 7.236051 | X9: =D10 -> 0.8 | Y9: =E10 -> 7.41 | Z9: =G10 -> 20.1 | AA9: =G9 -> 25.4
A10: 19 | B10: Car | C10: 14.48 | D10: =C10-C9 -> 0.8 | E10: 7.41 | F10: =D10*G10/3.6 -> 4.4666667 | G10: 20.1 | J10: 1.4 | K10: =SLOPE($E$3:$E$17, $D$3:$D$17) * J10 + INTERCEPT($E$3:$E$17, $D$3:$D$17) -> 7.7577797 | X10: =D11 -> 0.24 | Y10: =E11 -> 1.05 | Z10: =G11 -> 27.5 | AA10: =G10 -> 20.1
A11: 79 | B11: Car | C11: 14.72 | D11: =C11-C10 -> 0.24 | E11: 1.05 | F11: =D11*G11/3.6 -> 1.8333333 | G11: 27.5 | J11: 1.6 | K11: =SLOPE($E$3:$E$17, $D$3:$D$17) * J11 + INTERCEPT($E$3:$E$17, $D$3:$D$17) -> 8.2795084 | X11: =D12 -> 1.2 | Y11: =E12 -> 9.88 | Z11: =G12 -> 21.4 | AA11: =G11 -> 27.5
A12: 90 | B12: Car | C12: 15.92 | D12: =C12-C11 -> 1.2 | E12: 9.88 | F12: =D12*G12/3.6 -> 7.1333333 | G12: 21.4 | J12: 1.8 | K12: =SLOPE($E$3:$E$17, $D$3:$D$17) * J12 + INTERCEPT($E$3:$E$17, $D$3:$D$17) -> 8.8012372 | X12: =D13 -> 6.88 | Y12: =E13 -> 18.8 | Z12: =G13 -> 22.6 | AA12: =G12 -> 21.4
A13: 72 | B13: Car | C13: 22.8 | D13: =C13-C12 -> 6.88 | E13: 18.8 | F13: =D13*G13/3.6 -> 43.191111 | G13: 22.6 | J13: 2 | K13: =SLOPE($E$3:$E$17, $D$3:$D$17) * J13 + INTERCEPT($E$3:$E$17, $D$3:$D$17) -> 9.3229659 | X13: =D14 -> 4.32 | Y13: =E14 -> 16.35 | Z13: =G14 -> 21.6 | AA13: =G13 -> 22.6
A14: 129 | B14: Car | C14: 27.12 | D14: =C14-C13 -> 4.32 | E14: 16.35 | F14: =D14*G14/3.6 -> 25.92 | G14: 21.6 | X14: =D15 -> 1.4 | Y14: =E15 -> 9.75 | Z14: =G15 -> 23.4 | AA14: =G14 -> 21.6
A15: 159 | B15: Car | C15: 28.52 | D15: =C15-C14 -> 1.4 | E15: 9.75 | F15: =D15*G15/3.6 -> 9.1 | G15: 23.4 | J15: Time Mean Speed | X15: =D16 -> 1.8 | Y15: =E16 -> 9.03 | Z15: =G16 -> 20.4 | AA15: =G15 -> 23.4
A16: 148 | B16: Car | C16: 30.32 | D16: =C16-C15 -> 1.8 | E16: 9.03 | F16: =D16*G16/3.6 -> 10.2 | G16: 20.4 | J16: Car | K16: =AVERAGEIFS($G$3:$G$30, $B$3:$B$30, J16, $G$3:$G$30, "<>0") -> 21.52 | X16: =D17 -> 3.68 | Y16: =E17 -> 15.13 | Z16: =G17 -> 21.2 | AA16: =G16 -> 20.4
A17: 166 | B17: Car | C17: 34 | D17: =C17-C16 -> 3.68 | E17: 15.13 | F17: =D17*G17/3.6 -> 21.671111 | G17: 21.2 | J17: Motorbike | K17: =AVERAGEIFS($G$3:$G$30, $B$3:$B$30, J17, $G$3:$G$30, "<>0") -> #DIV/0! | X17: =D18 -> 0 | Y17: =E18 -> 0 | Z17: =G18 -> 0 | AA17: =G17 -> 21.2
J18: CNG | K18: =AVERAGEIFS($G$3:$G$30, $B$3:$B$30, J18, $G$3:$G$30, "<>0") -> #DIV/0! | X18: =D19 -> 0 | Y18: =E19 -> 0 | Z18: =G19 -> 0 | AA18: =G18 -> 0
X19: =D20 -> 0 | Y19: =E20 -> 0 | Z19: =G20 -> 0 | AA19: =G19 -> 0
X20: =D21 -> 0 | Y20: =E21 -> 0 | Z20: =G21 -> 0 | AA20: =G20 -> 0
X21: =D22 -> 0 | Y21: =E22 -> 0 | Z21: =G22 -> 0 | AA21: =G21 -> 0
X22: =D23 -> 0 | Y22: =E23 -> 0 | Z22: =G23 -> 0 | AA22: =G22 -> 0
X23: =D24 -> 0 | Y23: =E24 -> 0 | Z23: =G24 -> 0 | AA23: =G23 -> 0
X24: =D25 -> 0 | Y24: =E25 -> 0 | Z24: =G25 -> 0 | AA24: =G24 -> 0
X25: =D26 -> 0 | Y25: =E26 -> 0 | Z25: =G26 -> 0 | AA25: =G25 -> 0
X26: =D27 -> 0 | Y26: =E27 -> 0 | Z26: =G27 -> 0 | AA26: =G26 -> 0
X27: =D28 -> 0 | Y27: =E28 -> 0 | Z27: =G28 -> 0 | AA27: =G27 -> 0
AB31: Normalizing Gap by speed | AD31: Gap
Y32: Gap/V | Z32: Headway | AB32: Headway | AC32: Gap/V | AD32: 15 | AE32: 18 | AF32: 20 | AG32: 25
A33: Lane 3 | J33: Headway | K33: Gap (m) | Y33: 0 | Z33: 0 | AB33: 0 | AC33: 0 | AD33: 0 | AE33: 0 | AF33: 0 | AG33: 0
A34: L3_ID | B34: L3_Cls | C34: L3_Time | D34: Headway | E34: L3_Gap | F34: Gap (Calc) | G34: L3_Speed | J34: 0 | K34: 0 | Y34: =E4/G4 -> 0.47550201 | Z34: 0.4 | AB34: 0.2 | AC34: =SLOPE($Y$33:$Y$57, $Z$33:$Z$57) * AB34 + INTERCEPT($Y$33:$Y$57, $Z$33:$Z$57) -> #DIV/0! | AD34: =$AD$32*AC34 -> #DIV/0! | AE34: =$AE$32*AC34 -> #DIV/0! | AF34: =$AF$32*AC34 -> #DIV/0! | AG34: =$AG$32*AC34 -> #DIV/0!
A35: 7 | B35: Motorbike | C35: 3.12 | D35: 0 | E35: 0 | F35: 0 | G35: 12.8 | J35: 0.2 | K35: =SLOPE($E$35:$E$58, $D$35:$D$58) * J35 + INTERCEPT($E$35:$E$58, $D$35:$D$58) -> 3.9781077 | Y35: =E5/G5 -> 0.58918919 | Z35: 1.04 | AB35: 0.4 | AC35: =SLOPE($Y$33:$Y$57, $Z$33:$Z$57) * AB35 + INTERCEPT($Y$33:$Y$57, $Z$33:$Z$57) -> #DIV/0! | AD35: =$AD$32*AC35 -> #DIV/0! | AE35: =$AE$32*AC35 -> #DIV/0! | AF35: =$AF$32*AC35 -> #DIV/0! | AG35: =$AG$32*AC35 -> #DIV/0!
A36: 13 | B36: Motorbike | C36: 3.12 | D36: =C36-C35 -> 0 | E36: 0.24 | F36: =D36*G36/3.6 -> 0 | G36: 12.7 | J36: 0.4 | K36: =SLOPE($E$35:$E$58, $D$35:$D$58) * J36 + INTERCEPT($E$35:$E$58, $D$35:$D$58) -> 4.5310792 | Y36: =E6/G6 -> 0.498 | Z36: 1.16 | AB36: 0.6 | AC36: =SLOPE($Y$33:$Y$57, $Z$33:$Z$57) * AB36 + INTERCEPT($Y$33:$Y$57, $Z$33:$Z$57) -> #DIV/0! | AD36: =$AD$32*AC36 -> #DIV/0! | AE36: =$AE$32*AC36 -> #DIV/0! | AF36: =$AF$32*AC36 -> #DIV/0! | AG36: =$AG$32*AC36 -> #DIV/0!
A37: 4 | B37: CNG | C37: 4.92 | D37: =C37-C36 -> 1.8 | E37: 8.7 | F37: =D37*G37/3.6 -> 8.35 | G37: 16.7 | J37: 0.6 | K37: =SLOPE($E$35:$E$58, $D$35:$D$58) * J37 + INTERCEPT($E$35:$E$58, $D$35:$D$58) -> 5.0840507 | Y37: =E7/G7 -> 0.45103093 | Z37: 1.24 | AB37: 0.8 | AC37: =SLOPE($Y$33:$Y$57, $Z$33:$Z$57) * AB37 + INTERCEPT($Y$33:$Y$57, $Z$33:$Z$57) -> #DIV/0! | AD37: =$AD$32*AC37 -> #DIV/0! | AE37: =$AE$32*AC37 -> #DIV/0! | AF37: =$AF$32*AC37 -> #DIV/0! | AG37: =$AG$32*AC37 -> #DIV/0!
A38: 29 | B38: CNG | C38: 6.8 | D38: =C38-C37 -> 1.88 | E38: 9.8 | F38: =D38*G38/3.6 -> 9.87 | G38: 18.9 | J38: 0.8 | K38: =SLOPE($E$35:$E$58, $D$35:$D$58) * J38 + INTERCEPT($E$35:$E$58, $D$35:$D$58) -> 5.6370222 | Y38: =E8/G8 -> 0.225 | Z38: 2.16 | AB38: 1 | AC38: =SLOPE($Y$33:$Y$57, $Z$33:$Z$57) * AB38 + INTERCEPT($Y$33:$Y$57, $Z$33:$Z$57) -> #DIV/0! | AD38: =$AD$32*AC38 -> #DIV/0! | AE38: =$AE$32*AC38 -> #DIV/0! | AF38: =$AF$32*AC38 -> #DIV/0! | AG38: =$AG$32*AC38 -> #DIV/0!
A39: 8 | B39: Car | C39: 8.28 | D39: =C39-C38 -> 1.48 | E39: 7.88 | F39: =D39*G39/3.6 -> 9.1266667 | G39: 22.2 | J39: 1 | K39: =SLOPE($E$35:$E$58, $D$35:$D$58) * J39 + INTERCEPT($E$35:$E$58, $D$35:$D$58) -> 6.1899938 | Y39: =E9/G9 -> 0.6507874 | Z39: 2.64 | AB39: 1.2 | AC39: =SLOPE($Y$33:$Y$57, $Z$33:$Z$57) * AB39 + INTERCEPT($Y$33:$Y$57, $Z$33:$Z$57) -> #DIV/0! | AD39: =$AD$32*AC39 -> #DIV/0! | AE39: =$AE$32*AC39 -> #DIV/0! | AF39: =$AF$32*AC39 -> #DIV/0! | AG39: =$AG$32*AC39 -> #DIV/0!
A40: 47 | B40: CNG | C40: 10.2 | D40: =C40-C39 -> 1.92 | E40: 10.58 | F40: =D40*G40/3.6 -> 11.306667 | G40: 21.2 | J40: 1.2 | K40: =SLOPE($E$35:$E$58, $D$35:$D$58) * J40 + INTERCEPT($E$35:$E$58, $D$35:$D$58) -> 6.7429653 | Y40: =E10/G10 -> 0.36865672 | Z40: 2.2 | AB40: 1.4 | AC40: =SLOPE($Y$33:$Y$57, $Z$33:$Z$57) * AB40 + INTERCEPT($Y$33:$Y$57, $Z$33:$Z$57) -> #DIV/0! | AD40: =$AD$32*AC40 -> #DIV/0! | AE40: =$AE$32*AC40 -> #DIV/0! | AF40: =$AF$32*AC40 -> #DIV/0! | AG40: =$AG$32*AC40 -> #DIV/0!
A41: 54 | B41: CNG | C41: 12.12 | D41: =C41-C40 -> 1.92 | E41: 9.05 | F41: =D41*G41/3.6 -> 10.72 | G41: 20.1 | J41: 1.4 | K41: =SLOPE($E$35:$E$58, $D$35:$D$58) * J41 + INTERCEPT($E$35:$E$58, $D$35:$D$58) -> 7.2959368 | Y41: =E11/G11 -> 0.038181818 | Z41: 2.68 | AB41: 1.6 | AC41: =SLOPE($Y$33:$Y$57, $Z$33:$Z$57) * AB41 + INTERCEPT($Y$33:$Y$57, $Z$33:$Z$57) -> #DIV/0! | AD41: =$AD$32*AC41 -> #DIV/0! | AE41: =$AE$32*AC41 -> #DIV/0! | AF41: =$AF$32*AC41 -> #DIV/0! | AG41: =$AG$32*AC41 -> #DIV/0!
A42: 70 | B42: CNG | C42: 14.92 | D42: =C42-C41 -> 2.8 | E42: 9.83 | F42: =D42*G42/3.6 -> 16.177778 | G42: 20.8 | J42: 1.6 | K42: =SLOPE($E$35:$E$58, $D$35:$D$58) * J42 + INTERCEPT($E$35:$E$58, $D$35:$D$58) -> 7.8489084 | Y42: =E12/G12 -> 0.46168224 | Z42: 1.48 | AB42: 1.8 | AC42: =SLOPE($Y$33:$Y$57, $Z$33:$Z$57) * AB42 + INTERCEPT($Y$33:$Y$57, $Z$33:$Z$57) -> #DIV/0! | AD42: =$AD$32*AC42 -> #DIV/0! | AE42: =$AE$32*AC42 -> #DIV/0! | AF42: =$AF$32*AC42 -> #DIV/0! | AG42: =$AG$32*AC42 -> #DIV/0!
A43: 86 | B43: Car | C43: 17.88 | D43: =C43-C42 -> 2.96 | E43: 9.53 | F43: =D43*G43/3.6 -> 19.322222 | G43: 23.5 | J43: 1.8 | K43: =SLOPE($E$35:$E$58, $D$35:$D$58) * J43 + INTERCEPT($E$35:$E$58, $D$35:$D$58) -> 8.4018799 | Y43: =E13/G13 -> 0.83185841 | Z43: 1.64 | AB43: 2 | AC43: =SLOPE($Y$33:$Y$57, $Z$33:$Z$57) * AB43 + INTERCEPT($Y$33:$Y$57, $Z$33:$Z$57) -> #DIV/0! | AD43: =$AD$32*AC43 -> #DIV/0! | AE43: =$AE$32*AC43 -> #DIV/0! | AF43: =$AF$32*AC43 -> #DIV/0! | AG43: =$AG$32*AC43 -> #DIV/0!
A44: 92 | B44: Car | C44: 22.72 | D44: =C44-C43 -> 4.84 | E44: 12.48 | F44: =D44*G44/3.6 -> 28.367778 | G44: 21.1 | J44: 2 | K44: =SLOPE($E$35:$E$58, $D$35:$D$58) * J44 + INTERCEPT($E$35:$E$58, $D$35:$D$58) -> 8.9548514 | Y44: =E14/G14 -> 0.75694444 | Z44: 1.68
A45: 136 | B45: Car | C45: 26.32 | D45: =C45-C44 -> 3.6 | E45: 15.29 | F45: =D45*G45/3.6 -> 20.3 | G45: 20.3 | Y45: =E15/G15 -> 0.41666667 | Z45: 1.68
A46: 146 | B46: Car | C46: 28.68 | D46: =C46-C45 -> 2.36 | E46: 12.61 | F46: =D46*G46/3.6 -> 14.618889 | G46: 22.3 | J46: Time Mean Speed | Y46: =E16/G16 -> 0.44264706 | Z46: 1
A47: 145 | B47: Car | C47: 31 | D47: =C47-C46 -> 2.32 | E47: 12.22 | F47: =D47*G47/3.6 -> 13.726667 | G47: 21.3 | J47: Car | K47: =AVERAGEIFS($G$35:$G$80, $B$35:$B$80, J47, $G$35:$G$80, "<>0") -> 21.975 | Y47: =E17/G17 -> 0.71367925 | Z47: 3.44
A48: 181 | B48: Car | C48: 32.48 | D48: =C48-C47 -> 1.48 | E48: 9.58 | F48: =D48*G48/3.6 -> 8.9622222 | G48: 21.8 | J48: Motorbike | K48: =AVERAGEIFS($G$35:$G$80, $B$35:$B$80, J48, $G$35:$G$80, "<>0") -> 12.75 | Y48: =E18/G18 -> #DIV/0! | Z48: 1.2
A49: 199 | B49: Motorbike | C49: 34.12 | D49: =C49-C48 -> 1.64 | E49: 8.2 | F49: =D49*G49/3.6 -> 0 | G49: 0 | J49: CNG | K49: =AVERAGEIFS($G$35:$G$80, $B$35:$B$80, J49, $G$35:$G$80, "<>0") -> 19.54 | Y49: =E19/G19 -> #DIV/0! | Z49: 2.68
A50: 179 | B50: Car | C50: 35.28 | D50: =C50-C49 -> 1.16 | E50: 7.73 | F50: =D50*G50/3.6 -> 7.5077778 | G50: 23.3 | Y50: =E20/G20 -> #DIV/0! | Z50: 1.6
Y51: =E21/G21 -> #DIV/0! | Z51: 1.6
Y52: =E22/G22 -> #DIV/0! | Z52: 1.2
Y53: =E23/G23 -> #DIV/0! | Z53: 0.8
Y54: =E24/G24 -> #DIV/0! | Z54: 1.48
Y55: =E25/G25 -> #DIV/0! | Z55: 0.8
Y56: =E26/G26 -> #DIV/0! | Z56: 6

Sheet 17.11
A1: Lane 2 | X1: Headway | Z1: Speed | AB1: Vehicle Type
A2: L2_ID | B2: L2_Cls | C2: L2_Time | D2: Headway | E2: L2_Gap | F2: Gap (Calc) | G2: L2_Speed | J2: Headway | K2: Gap (m) | X2: Time | Y2: Gap | Z2: Leader | AA2: Follower | AB2: Leader | AC2: Follower
A3: 4 | B3: CNG | C3: 2.4 | D3: 0 | E3: 0 | F3: 0 | G3: 19.8 | J3: 0 | K3: 0 | X3: =D4 -> 0.48 | Y3: =E4 -> 2.75 | Z3: =G4 -> 18.7 | AA3: =G3 -> 19.8 | AB3: Car | AC3: Car
A4: 3 | B4: Car | C4: 2.88 | D4: =C4-C3 -> 0.48 | E4: 2.75 | F4: =D4*G4/3.6 -> 2.4933333 | G4: 18.7 | J4: 0.2 | K4: =SLOPE($E$3:$E$27, $D$3:$D$27) * J4 + INTERCEPT($E$3:$E$27, $D$3:$D$27) -> 3.5652385 | X4: =D5 -> 1 | Y4: =E5 -> 5.13 | Z4: =G5 -> 20.5 | AA4: =G4 -> 18.7 | AB4: Car | AC4: Car
A5: 5 | B5: Car | C5: 3.88 | D5: =C5-C4 -> 1 | E5: 5.13 | F5: =D5*G5/3.6 -> 5.6944444 | G5: 20.5 | J5: 0.4 | K5: =SLOPE($E$3:$E$27, $D$3:$D$27) * J5 + INTERCEPT($E$3:$E$27, $D$3:$D$27) -> 4.0954043 | X5: =D6 -> 0.4 | Y5: =E6 -> 2.31 | Z5: =G6 -> 24.6 | AA5: =G5 -> 20.5 | AB5: Car | AC5: Car
A6: 42 | B6: Motorbike | C6: 4.28 | D6: =C6-C5 -> 0.4 | E6: 2.31 | F6: =D6*G6/3.6 -> 2.7333333 | G6: 24.6 | J6: 0.6 | K6: =SLOPE($E$3:$E$27, $D$3:$D$27) * J6 + INTERCEPT($E$3:$E$27, $D$3:$D$27) -> 4.6255701 | X6: =D7 -> 1.32 | Y6: =E7 -> 7.61 | Z6: =G7 -> 20.9 | AA6: =G6 -> 24.6
A7: 7 | B7: Car | C7: 5.6 | D7: =C7-C6 -> 1.32 | E7: 7.61 | F7: =D7*G7/3.6 -> 7.6633333 | G7: 20.9 | J7: 0.8 | K7: =SLOPE($E$3:$E$27, $D$3:$D$27) * J7 + INTERCEPT($E$3:$E$27, $D$3:$D$27) -> 5.155736 | X7: =D8 -> 1.8 | Y7: =E8 -> 9.45 | Z7: =G8 -> 22.7 | AA7: =G7 -> 20.9
A8: 12 | B8: Car | C8: 7.4 | D8: =C8-C7 -> 1.8 | E8: 9.45 | F8: =D8*G8/3.6 -> 11.35 | G8: 22.7 | J8: 1 | K8: =SLOPE($E$3:$E$27, $D$3:$D$27) * J8 + INTERCEPT($E$3:$E$27, $D$3:$D$27) -> 5.6859018 | X8: =D9 -> 1.4 | Y8: =E9 -> 6.32 | Z8: =G9 -> 14.2 | AA8: =G8 -> 22.7
A9: 36 | B9: Car | C9: 8.8 | D9: =C9-C8 -> 1.4 | E9: 6.32 | F9: =D9*G9/3.6 -> 5.5222222 | G9: 14.2 | J9: 1.2 | K9: =SLOPE($E$3:$E$27, $D$3:$D$27) * J9 + INTERCEPT($E$3:$E$27, $D$3:$D$27) -> 6.2160676 | X9: =D10 -> 1.68 | Y9: =E10 -> 9.72 | Z9: =G10 -> 16.7 | AA9: =G9 -> 14.2
A10: 37 | B10: Car | C10: 10.48 | D10: =C10-C9 -> 1.68 | E10: 9.72 | F10: =D10*G10/3.6 -> 7.7933333 | G10: 16.7 | J10: 1.4 | K10: =SLOPE($E$3:$E$27, $D$3:$D$27) * J10 + INTERCEPT($E$3:$E$27, $D$3:$D$27) -> 6.7462334 | X10: =D11 -> 0.4 | Y10: =E11 -> 1.93 | Z10: =G11 -> 0 | AA10: =G10 -> 16.7
A11: 95 | B11: Motorbike | C11: 10.88 | D11: =C11-C10 -> 0.4 | E11: 1.93 | F11: =D11*G11/3.6 -> 0 | G11: 0 | J11: 1.6 | K11: =SLOPE($E$3:$E$27, $D$3:$D$27) * J11 + INTERCEPT($E$3:$E$27, $D$3:$D$27) -> 7.2763992 | X11: =D12 -> 2.2 | Y11: =E12 -> 2.05 | Z11: =G12 -> 11.8 | AA11: =G11 -> 0
A12: 49 | B12: Car | C12: 13.08 | D12: =C12-C11 -> 2.2 | E12: 2.05 | F12: =D12*G12/3.6 -> 7.2111111 | G12: 11.8 | J12: 1.8 | K12: =SLOPE($E$3:$E$27, $D$3:$D$27) * J12 + INTERCEPT($E$3:$E$27, $D$3:$D$27) -> 7.806565 | X12: =D13 -> 0.24 | Y12: =E13 -> 0.56 | Z12: =G13 -> 12.3 | AA12: =G12 -> 11.8
A13: 68 | B13: Car | C13: 13.32 | D13: =C13-C12 -> 0.24 | E13: 0.56 | F13: =D13*G13/3.6 -> 0.82 | G13: 12.3 | J13: 2 | K13: =SLOPE($E$3:$E$27, $D$3:$D$27) * J13 + INTERCEPT($E$3:$E$27, $D$3:$D$27) -> 8.3367308 | X13: =D14 -> 4.88 | Y13: =E14 -> 17.2 | Z13: =G14 -> 15.1 | AA13: =G13 -> 12.3
A14: 92 | B14: Car | C14: 18.2 | D14: =C14-C13 -> 4.88 | E14: 17.2 | F14: =D14*G14/3.6 -> 20.468889 | G14: 15.1 | X14: =D15 -> 7.4 | Y14: =E15 -> 16.67 | Z14: =G15 -> 16.4 | AA14: =G14 -> 15.1
A15: 124 | B15: Car | C15: 25.6 | D15: =C15-C14 -> 7.4 | E15: 16.67 | F15: =D15*G15/3.6 -> 33.711111 | G15: 16.4 | J15: Time Mean Speed | X15: =D16 -> 3.48 | Y15: =E16 -> 17.04 | Z15: =G16 -> 19.7 | AA15: =G15 -> 16.4
A16: 189 | B16: Car | C16: 29.08 | D16: =C16-C15 -> 3.48 | E16: 17.04 | F16: =D16*G16/3.6 -> 19.043333 | G16: 19.7 | J16: Car | K16: =AVERAGEIFS($G$3:$G$30, $B$3:$B$30, J16, $G$3:$G$30, "<>0") -> 20.877778 | X16: =D17 -> 0.2 | Y16: =E17 -> 0.23 | Z16: =G17 -> 23.2 | AA16: =G16 -> 19.7
A17: 144 | B17: Car | C17: 29.28 | D17: =C17-C16 -> 0.2 | E17: 0.23 | F17: =D17*G17/3.6 -> 1.2888889 | G17: 23.2 | J17: Motorbike | K17: =AVERAGEIFS($G$3:$G$30, $B$3:$B$30, J17, $G$3:$G$30, "<>0") -> 24.6 | X17: =D18 -> 1.4 | Y17: =E18 -> 9.7 | Z17: =G18 -> 28.7 | AA17: =G17 -> 23.2
A18: 210 | B18: Car | C18: 30.68 | D18: =C18-C17 -> 1.4 | E18: 9.7 | F18: =D18*G18/3.6 -> 11.161111 | G18: 28.7 | J18: CNG | K18: =AVERAGEIFS($G$3:$G$30, $B$3:$B$30, J18, $G$3:$G$30, "<>0") -> 19.8 | X18: =D19 -> 1.64 | Y18: =E19 -> 11.11 | Z18: =G19 -> 25.6 | AA18: =G18 -> 28.7
A19: 213 | B19: Car | C19: 32.32 | D19: =C19-C18 -> 1.64 | E19: 11.11 | F19: =D19*G19/3.6 -> 11.662222 | G19: 25.6 | X19: =D20 -> 2.48 | Y19: =E20 -> 17.23 | Z19: =G20 -> 24.2 | AA19: =G19 -> 25.6
A20: 229 | B20: Car | C20: 34.8 | D20: =C20-C19 -> 2.48 | E20: 17.23 | F20: =D20*G20/3.6 -> 16.671111 | G20: 24.2 | X20: =D21 -> 0.4 | Y20: =E21 -> 1.4 | Z20: =G21 -> 26.5 | AA20: =G20 -> 24.2
A21: 226 | B21: Car | C21: 35.2 | D21: =C21-C20 -> 0.4 | E21: 1.4 | F21: =D21*G21/3.6 -> 2.9444444 | G21: 26.5 | X21: =D22 -> 1.88 | Y21: =E22 -> 13.42 | Z21: =G22 -> 25.4 | AA21: =G21 -> 26.5
A22: 237 | B22: Car | C22: 37.08 | D22: =C22-C21 -> 1.88 | E22: 13.42 | F22: =D22*G22/3.6 -> 13.264444 | G22: 25.4 | X22: =D23 -> 1.72 | Y22: =E23 -> 12.09 | Z22: =G23 -> 12.2 | AA22: =G22 -> 25.4
A23: 228 | B23: Bicycle | C23: 38.8 | D23: =C23-C22 -> 1.72 | E23: 12.09 | F23: =D23*G23/3.6 -> 5.8288889 | G23: 12.2 | X23: =D24 -> 3 | Y23: =E24 -> 6.62 | Z23: =G24 -> 24.7 | AA23: =G23 -> 12.2
A24: 256 | B24: Truck | C24: 41.8 | D24: =C24-C23 -> 3 | E24: 6.62 | F24: =D24*G24/3.6 -> 20.583333 | G24: 24.7 | X24: =D25 -> 0.8 | Y24: =E25 -> 5.83 | Z24: =G25 -> 33.2 | AA24: =G24 -> 24.7
A25: 267 | B25: Car | C25: 42.6 | D25: =C25-C24 -> 0.8 | E25: 5.83 | F25: =D25*G25/3.6 -> 7.3777778 | G25: 33.2 | X25: =D26 -> 0 | Y25: =E26 -> 0 | Z25: =G26 -> 0 | AA25: =G25 -> 33.2
X26: =D27 -> 0 | Y26: =E27 -> 0 | Z26: =G27 -> 0 | AA26: =G26 -> 0
X27: =D28 -> 0 | Y27: =E28 -> 0 | Z27: =G28 -> 0 | AA27: =G27 -> 0
AB31: Normalizing Gap by speed | AD31: Gap
Y32: Gap/V | Z32: Headway | AB32: Headway | AC32: Gap/V | AD32: 15 | AE32: 18 | AF32: 20 | AG32: 25
A33: Lane 3 | J33: Headway | K33: Gap (m) | Y33: 0 | Z33: 0 | AB33: 0 | AC33: 0 | AD33: 0 | AE33: 0 | AF33: 0 | AG33: 0
A34: L3_ID | B34: L3_Cls | C34: L3_Time | D34: Headway | E34: L3_Gap | F34: Gap (Calc) | G34: L3_Speed | J34: 0 | K34: 0 | Y34: =E4/G4 -> 0.14705882 | Z34: 0.4 | AB34: 0.2 | AC34: =SLOPE($Y$33:$Y$57, $Z$33:$Z$57) * AB34 + INTERCEPT($Y$33:$Y$57, $Z$33:$Z$57) -> #DIV/0! | AD34: =$AD$32*AC34 -> #DIV/0! | AE34: =$AE$32*AC34 -> #DIV/0! | AF34: =$AF$32*AC34 -> #DIV/0! | AG34: =$AG$32*AC34 -> #DIV/0!
A35: 10 | B35: Motorbike | C35: 1.4 | D35: 0 | E35: 0 | F35: 0 | G35: 23 | J35: 0.2 | K35: =SLOPE($E$35:$E$58, $D$35:$D$58) * J35 + INTERCEPT($E$35:$E$58, $D$35:$D$58) -> 2.4988401 | Y35: =E5/G5 -> 0.2502439 | Z35: 1.04 | AB35: 0.4 | AC35: =SLOPE($Y$33:$Y$57, $Z$33:$Z$57) * AB35 + INTERCEPT($Y$33:$Y$57, $Z$33:$Z$57) -> #DIV/0! | AD35: =$AD$32*AC35 -> #DIV/0! | AE35: =$AE$32*AC35 -> #DIV/0! | AF35: =$AF$32*AC35 -> #DIV/0! | AG35: =$AG$32*AC35 -> #DIV/0!
A36: 9 | B36: Motorbike | C36: 2.12 | D36: =C36-C35 -> 0.72 | E36: 4.62 | F36: =D36*G36/3.6 -> 3.98 | G36: 19.9 | J36: 0.4 | K36: =SLOPE($E$35:$E$58, $D$35:$D$58) * J36 + INTERCEPT($E$35:$E$58, $D$35:$D$58) -> 2.9986545 | Y36: =E6/G6 -> 0.093902439 | Z36: 1.16 | AB36: 0.6 | AC36: =SLOPE($Y$33:$Y$57, $Z$33:$Z$57) * AB36 + INTERCEPT($Y$33:$Y$57, $Z$33:$Z$57) -> #DIV/0! | AD36: =$AD$32*AC36 -> #DIV/0! | AE36: =$AE$32*AC36 -> #DIV/0! | AF36: =$AF$32*AC36 -> #DIV/0! | AG36: =$AG$32*AC36 -> #DIV/0!
A37: 4 | B37: CNG | C37: 2.72 | D37: =C37-C36 -> 0.6 | E37: 0.42 | F37: =D37*G37/3.6 -> 3.3666667 | G37: 20.2 | J37: 0.6 | K37: =SLOPE($E$35:$E$58, $D$35:$D$58) * J37 + INTERCEPT($E$35:$E$58, $D$35:$D$58) -> 3.4984689 | Y37: =E7/G7 -> 0.36411483 | Z37: 1.24 | AB37: 0.8 | AC37: =SLOPE($Y$33:$Y$57, $Z$33:$Z$57) * AB37 + INTERCEPT($Y$33:$Y$57, $Z$33:$Z$57) -> #DIV/0! | AD37: =$AD$32*AC37 -> #DIV/0! | AE37: =$AE$32*AC37 -> #DIV/0! | AF37: =$AF$32*AC37 -> #DIV/0! | AG37: =$AG$32*AC37 -> #DIV/0!
A38: 18 | B38: Motorbike | C38: 3.88 | D38: =C38-C37 -> 1.16 | E38: 10.11 | F38: =D38*G38/3.6 -> 8.5711111 | G38: 26.6 | J38: 0.8 | K38: =SLOPE($E$35:$E$58, $D$35:$D$58) * J38 + INTERCEPT($E$35:$E$58, $D$35:$D$58) -> 3.9982832 | Y38: =E8/G8 -> 0.41629956 | Z38: 2.16 | AB38: 1 | AC38: =SLOPE($Y$33:$Y$57, $Z$33:$Z$57) * AB38 + INTERCEPT($Y$33:$Y$57, $Z$33:$Z$57) -> #DIV/0! | AD38: =$AD$32*AC38 -> #DIV/0! | AE38: =$AE$32*AC38 -> #DIV/0! | AF38: =$AF$32*AC38 -> #DIV/0! | AG38: =$AG$32*AC38 -> #DIV/0!
A39: 17 | B39: CNG | C39: 4.6 | D39: =C39-C38 -> 0.72 | E39: 3.39 | F39: =D39*G39/3.6 -> 4.18 | G39: 20.9 | J39: 1 | K39: =SLOPE($E$35:$E$58, $D$35:$D$58) * J39 + INTERCEPT($E$35:$E$58, $D$35:$D$58) -> 4.4980976 | Y39: =E9/G9 -> 0.44507042 | Z39: 2.64 | AB39: 1.2 | AC39: =SLOPE($Y$33:$Y$57, $Z$33:$Z$57) * AB39 + INTERCEPT($Y$33:$Y$57, $Z$33:$Z$57) -> #DIV/0! | AD39: =$AD$32*AC39 -> #DIV/0! | AE39: =$AE$32*AC39 -> #DIV/0! | AF39: =$AF$32*AC39 -> #DIV/0! | AG39: =$AG$32*AC39 -> #DIV/0!
A40: 38 | B40: Motorbike | C40: 5.72 | D40: =C40-C39 -> 1.12 | E40: 6.89 | F40: =D40*G40/3.6 -> 6.6577778 | G40: 21.4 | J40: 1.2 | K40: =SLOPE($E$35:$E$58, $D$35:$D$58) * J40 + INTERCEPT($E$35:$E$58, $D$35:$D$58) -> 4.997912 | Y40: =E10/G10 -> 0.58203593 | Z40: 2.2 | AB40: 1.4 | AC40: =SLOPE($Y$33:$Y$57, $Z$33:$Z$57) * AB40 + INTERCEPT($Y$33:$Y$57, $Z$33:$Z$57) -> #DIV/0! | AD40: =$AD$32*AC40 -> #DIV/0! | AE40: =$AE$32*AC40 -> #DIV/0! | AF40: =$AF$32*AC40 -> #DIV/0! | AG40: =$AG$32*AC40 -> #DIV/0!
A41: 6 | B41: Car | C41: 5.8 | D41: =C41-C40 -> 0.08 | E41: -1.12 | F41: =D41*G41/3.6 -> 0.36 | G41: 16.2 | J41: 1.4 | K41: =SLOPE($E$35:$E$58, $D$35:$D$58) * J41 + INTERCEPT($E$35:$E$58, $D$35:$D$58) -> 5.4977264 | Y41: =E11/G11 -> #DIV/0! | Z41: 2.68 | AB41: 1.6 | AC41: =SLOPE($Y$33:$Y$57, $Z$33:$Z$57) * AB41 + INTERCEPT($Y$33:$Y$57, $Z$33:$Z$57) -> #DIV/0! | AD41: =$AD$32*AC41 -> #DIV/0! | AE41: =$AE$32*AC41 -> #DIV/0! | AF41: =$AF$32*AC41 -> #DIV/0! | AG41: =$AG$32*AC41 -> #DIV/0!
A42: 52 | B42: Motorbike | C42: 6.4 | D42: =C42-C41 -> 0.6 | E42: 4.22 | F42: =D42*G42/3.6 -> 3.8666667 | G42: 23.2 | J42: 1.6 | K42: =SLOPE($E$35:$E$58, $D$35:$D$58) * J42 + INTERCEPT($E$35:$E$58, $D$35:$D$58) -> 5.9975408 | Y42: =E12/G12 -> 0.17372881 | Z42: 1.48 | AB42: 1.8 | AC42: =SLOPE($Y$33:$Y$57, $Z$33:$Z$57) * AB42 + INTERCEPT($Y$33:$Y$57, $Z$33:$Z$57) -> #DIV/0! | AD42: =$AD$32*AC42 -> #DIV/0! | AE42: =$AE$32*AC42 -> #DIV/0! | AF42: =$AF$32*AC42 -> #DIV/0! | AG42: =$AG$32*AC42 -> #DIV/0!
A43: 40 | B43: CNG | C43: 7.28 | D43: =C43-C42 -> 0.88 | E43: 1.17 | F43: =D43*G43/3.6 -> 5.06 | G43: 20.7 | J43: 1.8 | K43: =SLOPE($E$35:$E$58, $D$35:$D$58) * J43 + INTERCEPT($E$35:$E$58, $D$35:$D$58) -> 6.4973552 | Y43: =E13/G13 -> 0.045528455 | Z43: 1.64 | AB43: 2 | AC43: =SLOPE($Y$33:$Y$57, $Z$33:$Z$57) * AB43 + INTERCEPT($Y$33:$Y$57, $Z$33:$Z$57) -> #DIV/0! | AD43: =$AD$32*AC43 -> #DIV/0! | AE43: =$AE$32*AC43 -> #DIV/0! | AF43: =$AF$32*AC43 -> #DIV/0! | AG43: =$AG$32*AC43 -> #DIV/0!
A44: 39 | B44: Motorbike | C44: 7.32 | D44: =C44-C43 -> 0.04 | E44: 0.35 | F44: =D44*G44/3.6 -> 0.23777778 | G44: 21.4 | J44: 2 | K44: =SLOPE($E$35:$E$58, $D$35:$D$58) * J44 + INTERCEPT($E$35:$E$58, $D$35:$D$58) -> 6.9971696 | Y44: =E14/G14 -> 1.1390728 | Z44: 1.68
A45: 48 | B45: Car | C45: 9.52 | D45: =C45-C44 -> 2.2 | E45: -0.1 | F45: =D45*G45/3.6 -> 9.7777778 | G45: 16 | Y45: =E15/G15 -> 1.0164634 | Z45: 1.68
A46: 59 | B46: Motorbike | C46: 10.68 | D46: =C46-C45 -> 1.16 | E46: 6.39 | F46: =D46*G46/3.6 -> 7.3144444 | G46: 22.7 | J46: Time Mean Speed | Y46: =E16/G16 -> 0.86497462 | Z46: 1
A47: 93 | B47: Motorbike | C47: 10.8 | D47: =C47-C46 -> 0.12 | E47: 2.82 | F47: =D47*G47/3.6 -> 0 | G47: 0 | J47: Car | K47: =AVERAGEIFS($G$35:$G$80, $B$35:$B$80, J47, $G$35:$G$80, "<>0") -> 21.511111 | Y47: =E17/G17 -> 0.0099137931 | Z47: 3.44
A48: 70 | B48: CNG | C48: 11.52 | D48: =C48-C47 -> 0.72 | E48: 1.96 | F48: =D48*G48/3.6 -> 4.76 | G48: 23.8 | J48: Motorbike | K48: =AVERAGEIFS($G$35:$G$80, $B$35:$B$80, J48, $G$35:$G$80, "<>0") -> 24.764286 | Y48: =E18/G18 -> 0.33797909 | Z48: 1.2
A49: 89 | B49: Motorbike | C49: 12.4 | D49: =C49-C48 -> 0.88 | E49: 6.12 | F49: =D49*G49/3.6 -> 6.1111111 | G49: 25 | J49: CNG | K49: =AVERAGEIFS($G$35:$G$80, $B$35:$B$80, J49, $G$35:$G$80, "<>0") -> 20.083333 | Y49: =E19/G19 -> 0.43398437 | Z49: 2.68
A50: 49 | B50: Car | C50: 13.52 | D50: =C50-C49 -> 1.12 | E50: 4.97 | F50: =D50*G50/3.6 -> 4.0755556 | G50: 13.1 | Y50: =E20/G20 -> 0.71198347 | Z50: 1.6
A51: 103 | B51: Motorbike | C51: 13.6 | D51: =C51-C50 -> 0.08 | E51: 2.69 | F51: =D51*G51/3.6 -> 0.56222222 | G51: 25.3 | Y51: =E21/G21 -> 0.052830189 | Z51: 1.6
A52: 118 | B52: Motorbike | C52: 14.72 | D52: =C52-C51 -> 1.12 | E52: 7.59 | F52: =D52*G52/3.6 -> 8.3688889 | G52: 26.9 | Y52: =E22/G22 -> 0.52834646 | Z52: 1.2
A53: 110 | B53: CNG | C53: 15.12 | D53: =C53-C52 -> 0.4 | E53: 2.7 | F53: =D53*G53/3.6 -> 1.7888889 | G53: 16.1 | Y53: =E23/G23 -> 0.99098361 | Z53: 0.8
A54: 134 | B54: Motorbike | C54: 16.72 | D54: =C54-C53 -> 1.6 | E54: 7.24 | F54: =D54*G54/3.6 -> 8.8888889 | G54: 20 | Y54: =E24/G24 -> 0.26801619 | Z54: 1.48
A55: 109 | B55: Motorbike | C55: 18.8 | D55: =C55-C54 -> 2.08 | E55: 8.04 | F55: =D55*G55/3.6 -> 13.52 | G55: 23.4 | Y55: =E25/G25 -> 0.17560241 | Z55: 0.8
A56: 148 | B56: Car | C56: 24 | D56: =C56-C55 -> 5.2 | E56: 9.43 | F56: =D56*G56/3.6 -> 27.011111 | G56: 18.7 | Y56: =E26/G26 -> #DIV/0! | Z56: 6
A57: 176 | B57: Car | C57: 27.12 | D57: =C57-C56 -> 3.12 | E57: 15.94 | F57: =D57*G57/3.6 -> 23.573333 | G57: 27.2
A58: 202 | B58: CNG | C58: 30.08 | D58: =C58-C57 -> 2.96 | E58: 13.81 | F58: =D58*G58/3.6 -> 15.457778 | G58: 18.8
A59: 208 | B59: Car | C59: 31.52 | D59: =C59-C58 -> 1.44 | E59: 7.79 | F59: =D59*G59/3.6 -> 11.28 | G59: 28.2
A60: 222 | B60: Car | C60: 33.6 | D60: =C60-C59 -> 2.08 | E60: 12.81 | F60: =D60*G60/3.6 -> 13.693333 | G60: 23.7
A61: 226 | B61: Car | C61: 35.4 | D61: =C61-C60 -> 1.8 | E61: 8.87 | F61: =D61*G61/3.6 -> 13.55 | G61: 27.1
A62: 233 | B62: Motorbike | C62: 35.48 | D62: =C62-C61 -> 0.08 | E62: 2.37 | F62: =D62*G62/3.6 -> 0.60444444 | G62: 27.2
A63: 266 | B63: Motorbike | C63: 37.72 | D63: =C63-C62 -> 2.24 | E63: 9.49 | F63: =D63*G63/3.6 -> 25.324444 | G63: 40.7
A64: 256 | B64: Car | C64: 42.08 | D64: =C64-C63 -> 4.36 | E64: 8.8 | F64: =D64*G64/3.6 -> 28.34 | G64: 23.4

Sheet 17.21
A1: Lane 2 | X1: Headway | Z1: Speed | AB1: Vehicle Type
A2: L2_ID | B2: L2_Cls | C2: L2_Time | D2: Headway | E2: L2_Gap | F2: Gap (Calc) | G2: L2_Speed | J2: Headway | K2: Gap (m) | X2: Time | Y2: Gap | Z2: Leader | AA2: Follower | AB2: Leader | AC2: Follower
A3: 2 | B3: Car | C3: 1.92 | D3: 0 | E3: 0 | F3: 0 | G3: 12.7 | J3: 0 | K3: 0 | X3: =D4 -> 2.16 | Y3: =E4 -> 10.54 | Z3: =G4 -> 17.8 | AA3: =G3 -> 12.7 | AB3: Car | AC3: Car
A4: 4 | B4: Car | C4: 4.08 | D4: =C4-C3 -> 2.16 | E4: 10.54 | F4: =D4*G4/3.6 -> 10.68 | G4: 17.8 | J4: 0.2 | K4: =SLOPE($E$3:$E$27, $D$3:$D$27) * J4 + INTERCEPT($E$3:$E$27, $D$3:$D$27) -> 4.53055 | X4: =D5 -> 1.92 | Y4: =E5 -> 11.88 | Z4: =G5 -> 22.9 | AA4: =G4 -> 17.8 | AB4: Car | AC4: Car
A5: 7 | B5: Car | C5: 6 | D5: =C5-C4 -> 1.92 | E5: 11.88 | F5: =D5*G5/3.6 -> 12.213333 | G5: 22.9 | J5: 0.4 | K5: =SLOPE($E$3:$E$27, $D$3:$D$27) * J5 + INTERCEPT($E$3:$E$27, $D$3:$D$27) -> 5.0297326 | X5: =D6 -> 1.88 | Y5: =E6 -> 10.32 | Z5: =G6 -> 22.6 | AA5: =G5 -> 22.9 | AB5: Car | AC5: Car
A6: 24 | B6: CNG | C6: 7.88 | D6: =C6-C5 -> 1.88 | E6: 10.32 | F6: =D6*G6/3.6 -> 11.802222 | G6: 22.6 | J6: 0.6 | K6: =SLOPE($E$3:$E$27, $D$3:$D$27) * J6 + INTERCEPT($E$3:$E$27, $D$3:$D$27) -> 5.5289152 | X6: =D7 -> 3.84 | Y6: =E7 -> 16.62 | Z6: =G7 -> 16.9 | AA6: =G6 -> 22.6
A7: 47 | B7: CNG | C7: 11.72 | D7: =C7-C6 -> 3.84 | E7: 16.62 | F7: =D7*G7/3.6 -> 18.026667 | G7: 16.9 | J7: 0.8 | K7: =SLOPE($E$3:$E$27, $D$3:$D$27) * J7 + INTERCEPT($E$3:$E$27, $D$3:$D$27) -> 6.0280977 | X7: =D8 -> 1.48 | Y7: =E8 -> 5.21 | Z7: =G8 -> 15.2 | AA7: =G7 -> 16.9
A8: 36 | B8: Car | C8: 13.2 | D8: =C8-C7 -> 1.48 | E8: 5.21 | F8: =D8*G8/3.6 -> 6.2488889 | G8: 15.2 | J8: 1 | K8: =SLOPE($E$3:$E$27, $D$3:$D$27) * J8 + INTERCEPT($E$3:$E$27, $D$3:$D$27) -> 6.5272803 | X8: =D9 -> 1.72 | Y8: =E9 -> 6.55 | Z8: =G9 -> 23.6 | AA8: =G8 -> 15.2
A9: 70 | B9: Car | C9: 14.92 | D9: =C9-C8 -> 1.72 | E9: 6.55 | F9: =D9*G9/3.6 -> 11.275556 | G9: 23.6 | J9: 1.2 | K9: =SLOPE($E$3:$E$27, $D$3:$D$27) * J9 + INTERCEPT($E$3:$E$27, $D$3:$D$27) -> 7.0264628 | X9: =D10 -> 1.2 | Y9: =E10 -> 7.33 | Z9: =G10 -> 20.6 | AA9: =G9 -> 23.6
A10: 69 | B10: Car | C10: 16.12 | D10: =C10-C9 -> 1.2 | E10: 7.33 | F10: =D10*G10/3.6 -> 6.8666667 | G10: 20.6 | J10: 1.4 | K10: =SLOPE($E$3:$E$27, $D$3:$D$27) * J10 + INTERCEPT($E$3:$E$27, $D$3:$D$27) -> 7.5256454 | X10: =D11 -> 0.36 | Y10: =E11 -> 1.93 | Z10: =G11 -> 23.6 | AA10: =G10 -> 20.6
A11: 93 | B11: Car | C11: 16.48 | D11: =C11-C10 -> 0.36 | E11: 1.93 | F11: =D11*G11/3.6 -> 2.36 | G11: 23.6 | J11: 1.6 | K11: =SLOPE($E$3:$E$27, $D$3:$D$27) * J11 + INTERCEPT($E$3:$E$27, $D$3:$D$27) -> 8.024828 | X11: =D12 -> 4.32 | Y11: =E12 -> 15.7 | Z11: =G12 -> 20.4 | AA11: =G11 -> 23.6
A12: 118 | B12: Car | C12: 20.8 | D12: =C12-C11 -> 4.32 | E12: 15.7 | F12: =D12*G12/3.6 -> 24.48 | G12: 20.4 | J12: 1.8 | K12: =SLOPE($E$3:$E$27, $D$3:$D$27) * J12 + INTERCEPT($E$3:$E$27, $D$3:$D$27) -> 8.5240105 | X12: =D13 -> 1.32 | Y12: =E13 -> 8.2 | Z12: =G13 -> 21.1 | AA12: =G12 -> 20.4
A13: 104 | B13: Car | C13: 22.12 | D13: =C13-C12 -> 1.32 | E13: 8.2 | F13: =D13*G13/3.6 -> 7.7366667 | G13: 21.1 | J13: 2 | K13: =SLOPE($E$3:$E$27, $D$3:$D$27) * J13 + INTERCEPT($E$3:$E$27, $D$3:$D$27) -> 9.0231931 | X13: =D14 -> 4.8 | Y13: =E14 -> 18.13 | Z13: =G14 -> 26.7 | AA13: =G13 -> 21.1
A14: 163 | B14: Car | C14: 26.92 | D14: =C14-C13 -> 4.8 | E14: 18.13 | F14: =D14*G14/3.6 -> 35.6 | G14: 26.7 | X14: =D15 -> 5.88 | Y14: =E15 -> 11.74 | Z14: =G15 -> 27.7 | AA14: =G14 -> 26.7
A15: 191 | B15: Motorbike | C15: 32.8 | D15: =C15-C14 -> 5.88 | E15: 11.74 | F15: =D15*G15/3.6 -> 45.243333 | G15: 27.7 | J15: Time Mean Speed | X15: =D16 -> 2.08 | Y15: =E16 -> 12.1 | Z15: =G16 -> 17.3 | AA15: =G15 -> 27.7
A16: 184 | B16: Car | C16: 34.88 | D16: =C16-C15 -> 2.08 | E16: 12.1 | F16: =D16*G16/3.6 -> 9.9955556 | G16: 17.3 | J16: Car | K16: =AVERAGEIFS($G$3:$G$30, $B$3:$B$30, J16, $G$3:$G$30, "<>0") -> 20.975 | X16: =D17 -> 2.92 | Y16: =E17 -> 12.15 | Z16: =G17 -> 29.8 | AA16: =G16 -> 17.3
